timepoint,well,plant,date,target,exp_group,target_ct,18S_ct,dct,ddct,2pwrneg_ddct,log_2pwrneg_ddct
1,A05,na,3_23,DI72,neg_ctrl,28.54,12.055,16.485,,,
1,A04,na,3_23,TBSV,neg_ctrl,41.69,33.62,8.07,,,
1,A02,na,3_23,DI72,pos_ctrl,27.71333333,23.70333333,4.01,,,
1,A03,na,3_23,DI73,pos_ctrl,30.94333333,22.94666667,7.996666667,,,
1,A01,na,3_23,TBSV,pos_ctrl,34.30333333,24.71666667,9.586666667,,,
1,A07,30,3_23,DI72,TBSV,18.15,13.155,4.995,-46.792,1.22E+14,14.08579556
1,A10,22,3_23,DI72,TBSV,23.895,15.085,8.81,-42.977,8.66E+12,12.93736612
1,C12,26,3_23,DI72,TBSV,100,16.18,83.82,32.033,2.28E-10,-9.642893851
1,C10,31,3_23,DI72,TBSV,100,18.01,81.99,30.203,8.09E-10,-9.092008959
1,C07,15,3_23,DI72,TBSV,100,20.68,79.32,27.533,5.15E-09,-8.288258871
1,A08,30,3_23,DI73,TBSV,100,11.875,88.125,16.97,7.79E-06,-5.108479026
1,A11,22,3_23,DI73,TBSV,30.96,13.225,17.735,-53.42,1.21E+16,16.08102237
1,E12,26,3_23,DI73,TBSV,100,14.915,85.085,13.93,6.41E-05,-4.19334784
1,C11,31,3_23,DI73,TBSV,100,17.195,82.805,11.65,0.000311172,-3.506999449
1,C08,15,3_23,DI73,TBSV,100,17.975,82.025,10.87,0.000534323,-3.272196053
1,A06,30,3_23,TBSV,TBSV,21.2,12.16,9.04,10.451,0.00071439,-3.146064485
1,A09,22,3_23,TBSV,TBSV,13.81,14.395,-0.585,0.826,0.564091069,-0.248650776
1,A12,26,3_23,TBSV,TBSV,14.595,16.59,-1.995,-0.584,1.498999602,0.175801517
1,C06,15,3_23,TBSV,TBSV,13.77,19.95,-6.18,-4.769,27.26541104,1.435612049
1,C09,31,3_23,TBSV,TBSV,13.48,20.815,-7.335,-5.924,60.71579617,1.783301694
1,G02,25,3_23,DI72,TBSV_DI72,15.025,13.93,1.095,-50.692,1.82E+15,15.25981254
1,G09,9,3_23,DI72,TBSV_DI72,23.72,13.955,9.765,-42.022,4.47E+12,12.64988248
1,G06,27,3_23,DI72,TBSV_DI72,100,14.375,85.625,33.838,6.51E-11,-10.18625299
1,E05,32,3_23,DI72,TBSV_DI72,16.135,19.17,-3.035,-54.822,3.18E+16,16.50306642
1,E02,28,3_23,DI72,TBSV_DI72,20.505,20.715,-0.21,-51.997,4.49E+15,15.65265668
1,G10,9,3_23,DI73,TBSV_DI72,40.83,12.325,28.505,-42.65,6.90E+12,12.83892932
1,G07,27,3_23,DI73,TBSV_DI72,100,13.02,86.98,15.825,1.72E-05,-4.763799681
1,G03,25,3_23,DI73,TBSV_DI72,29.57,13.03,16.54,-54.615,2.76E+16,16.44075321
1,E03,28,3_23,DI73,TBSV_DI72,28.68,17.82,10.86,-60.295,1.41E+18,18.15060359
1,G08,9,3_23,TBSV,TBSV_DI72,14.91,14.195,0.715,2.126,0.229092161,-0.639989771
1,G05,27,3_23,TBSV,TBSV_DI72,14.385,15.115,-0.73,0.681,0.623732786,-0.205001427
1,G01,25,3_23,TBSV,TBSV_DI72,17.005,15.22,1.785,3.196,0.109120949,-0.962091866
1,F04,32,3_23,TBSV,TBSV_DI72,26.58,19.66,6.92,8.331,0.003105411,-2.507880894
1,E04,32,3_23,TBSV,TBSV_DI72,14.555,20.81,-6.255,-4.844,28.72032162,1.458189299
1,E01,28,3_23,TBSV,TBSV_DI72,15.775,22.265,-6.49,-5.079,33.80114001,1.528931348
1,A05,na,4_9,DI73,neg_ctrl,30.1005,12.755,17.3455,,,
1,A04,na,4_9,TBSV,neg_ctrl,1.625,0.63,0.995,,,
1,A02,na,4_9,DI72,pos_ctrl,29.005,22.205,6.8,,,
1,A03,na,4_9,DI73,pos_ctrl,12.92,12.92,0,,,
1,A01,na,4_9,TBSV,pos_ctrl,34.19666667,23.66666667,10.53,,,
1,A10,33,4_9,DI72,TBSV,13.335,13.26,0.075,-51.712,3.69E+15,15.56686314
1,C07,20,4_9,DI72,TBSV,100,16.23,83.77,31.983,2.36E-10,-9.627842351
1,C10,27,4_9,DI72,TBSV,15.5,16.92,-1.42,-53.207,1.04E+16,16.01690298
1,A07,12,4_9,DI72,TBSV,31.105,18.095,13.01,-38.777,4.71E+11,11.67304014
1,C12,2,4_9,DI72,TBSV,100,20.27,79.73,27.943,3.88E-09,-8.411681169
1,A11,33,4_9,DI73,TBSV,29.08,13.195,15.885,-55.27,4.34E+16,16.63792786
1,C08,20,4_9,DI73,TBSV,100,15.675,84.325,13.17,0.000108501,-3.964565043
1,C11,27,4_9,DI73,TBSV,26.175,16.325,9.85,-61.305,2.85E+18,18.45464388
1,A08,12,4_9,DI73,TBSV,100,18.75,81.25,10.095,0.000914328,-3.038897806
1,E12,2,4_9,DI73,TBSV,100,20.72,79.28,8.125,0.003582047,-2.445868715
1,A09,33,4_9,TBSV,TBSV,16.48,13.615,2.865,4.276,0.051617354,-1.287204261
1,C09,27,4_9,TBSV,TBSV,14.42,16.69,-2.27,-0.859,1.813780658,0.258584766
1,C06,20,4_9,TBSV,TBSV,13.1005,17.065,-3.9645,-2.5535,5.870567608,0.768680094
1,A06,12,4_9,TBSV,TBSV,14.82,19.605,-4.785,-3.374,10.36752772,1.015675205
1,A12,2,4_9,TBSV,TBSV,15.715,20.88,-5.165,-3.754,13.49169776,1.130066604
1,G06,26,4_9,DI72,TBSV_DI73,14.71,13.375,1.335,-50.452,1.54E+15,15.18756534
1,E02,7,4_9,DI72,TBSV_DI73,100,17.56,82.44,30.653,5.92E-10,-9.227472457
1,G09,31,4_9,DI72,TBSV_DI73,100,17.735,82.265,30.478,6.69E-10,-9.174792208
1,E05,18,4_9,DI72,TBSV_DI73,100,17.75,82.25,30.463,6.76E-10,-9.170276758
1,G02,23,4_9,DI72,TBSV_DI73,100,19.895,80.105,28.318,2.99E-09,-8.524567417
1,G07,26,4_9,DI73,TBSV_DI73,26.82,12.82,14,-57.155,1.60E+17,17.2053694
1,G04,18,4_9,DI73,TBSV_DI73,31.135,16.37,14.765,-56.39,9.44E+16,16.97508146
1,E03,7,4_9,DI73,TBSV_DI73,100,17.095,82.905,11.75,0.000290334,-3.537102449
1,G10,31,4_9,DI73,TBSV_DI73,100,17.165,82.835,11.68,0.000304768,-3.516030349
1,G03,23,4_9,DI73,TBSV_DI73,100,19.195,80.805,9.65,0.001244688,-2.904939458
1,G05,26,4_9,TBSV,TBSV_DI73,14.735,14.26,0.475,1.886,0.270556161,-0.567742572
1,E04,18,4_9,TBSV,TBSV_DI73,13.34,16.805,-3.465,-2.054,4.152557082,0.618315611
1,E01,7,4_9,TBSV,TBSV_DI73,14.66,17.095,-2.435,-1.024,2.033549347,0.308254716
1,G01,23,4_9,TBSV,TBSV_DI73,13.49,18.83,-5.34,-3.929,15.23164654,1.182746853
1,G08,31,4_9,TBSV,TBSV_DI73,13.32,18.935,-5.615,-4.204,18.43020228,1.265530102
1,A05,na,8_1,DI72,neg_ctrl,37.155,100,-62.845,,,
1,A06,na,8_1,DI73,neg_ctrl,100,100,0,,,
1,A04,na,8_1,TBSV,neg_ctrl,100,27.04,72.96,,,
1,G11,na,8_1,DI72,neg_plt,31.12,31.12,0,,,
1,G12,na,8_1,DI73,neg_plt,100,15.04,84.96,,,
1,G10,na,8_1,TBSV,neg_plt,32.94,32.94,0,,,
1,A02,na,8_1,DI72,pos_ctrl,12.83,34.33,-21.5,,,
1,A03,na,8_1,DI73,pos_ctrl,12.99,29.1,-16.11,,,
1,A01,na,8_1,TBSV,pos_ctrl,9.485,26.56,-17.075,,,
1,C02,18,8_1,DI72,TBSV,16.1005,13.99,2.1105,-49.6765,9.00E+14,14.95411658
1,C08,43,8_1,DI72,TBSV,17.4,14.72,2.68,-49.107,6.06E+14,14.78268
1,A08,51,8_1,DI72,TBSV,16.525,14.73,1.795,-49.992,1.12E+15,15.04909154
1,A11,14,8_1,DI72,TBSV,16.005,17.055,-1.05,-52.837,8.04E+15,15.90552188
1,C05,26,8_1,DI72,TBSV,19.81,19.195,0.615,-51.172,2.54E+15,15.40430694
1,C03,18,8_1,DI73,TBSV,27.395,15.235,12.16,-58.995,5.74E+17,17.75926459
1,A09,51,8_1,DI73,TBSV,29.425,16.095,13.33,-57.825,2.55E+17,17.4070595
1,C09,43,8_1,DI73,TBSV,26.925,17.905,9.02,-62.135,5.06E+18,18.70449878
1,A12,14,8_1,DI73,TBSV,27.26,18.99,8.27,-62.885,8.52E+18,18.93027128
1,C06,26,8_1,DI73,TBSV,30.515,19.87,10.645,-60.51,1.64E+18,18.21532504
1,C01,18,8_1,TBSV,TBSV,13.72,14.91,-1.19,0.221,0.85797053,-0.066527629
1,A07,51,8_1,TBSV,TBSV,14.11,15.935,-1.825,-0.414,1.332374825,0.124626418
1,C07,43,8_1,TBSV,TBSV,12.595,16.81,-4.215,-2.804,6.983740729,0.844088108
1,A10,14,8_1,TBSV,TBSV,13.38,17.835,-4.455,-3.044,8.24774655,0.916335307
1,C04,26,8_1,TBSV,TBSV,12.425,18.53,-6.105,-4.694,25.88420315,1.4130348
1,E08,39,8_1,DI72,TBSV_DI72,14.675,11.815,2.86,-48.927,5.35E+14,14.7284946
1,E02,5,8_1,DI72,TBSV_DI72,16.11,15.67,0.44,-51.347,2.86E+15,15.45698719
1,E05,13,8_1,DI72,TBSV_DI72,16.265,16.855,-0.59,-52.377,5.85E+15,15.76704808
1,C11,11,8_1,DI72,TBSV_DI72,17.365,16.89,0.475,-51.312,2.80E+15,15.44645114
1,E11,10,8_1,DI72,TBSV_DI72,17.515,18.335,-0.82,-52.607,6.86E+15,15.83628498
1,E09,39,8_1,DI73,TBSV_DI72,32.085,12.1005,19.9845,-51.1705,2.53E+15,15.40385539
1,C12,11,8_1,DI73,TBSV_DI72,28.95,16.94,12.01,-59.145,6.37E+17,17.80441909
1,E06,13,8_1,DI73,TBSV_DI72,33.41,17.215,16.195,-54.96,3.50E+16,16.54460856
1,E03,5,8_1,DI73,TBSV_DI72,30.195,17.68,12.515,-58.64,4.49E+17,17.65239895
1,E12,10,8_1,DI73,TBSV_DI72,31.33,18.7,12.63,-58.525,4.15E+17,17.6177805
1,E07,39,8_1,TBSV,TBSV_DI72,14.39,12.49,1.9,3.311,0.100760354,-0.996710316
1,E01,5,8_1,TBSV,TBSV_DI72,15.955,15.585,0.37,1.781,0.290981634,-0.536134422
1,C10,11,8_1,TBSV,TBSV_DI72,14.925,16.215,-1.29,0.121,0.919550046,-0.036424629
1,E10,10,8_1,TBSV,TBSV_DI72,15.855,17.24,-1.385,0.026,0.982139595,-0.00782678
1,E04,13,8_1,TBSV,TBSV_DI72,17.915,17.605,0.31,1.721,0.30333839,-0.518072623
1,A02,35,8_1,DI72,TBSV_DI73,9.97,11.01,-1.04,-52.827,7.99E+15,15.90251158
1,A05,4,8_1,DI72,TBSV_DI73,16.14,16.335,-0.195,-51.982,4.45E+15,15.64814123
1,A08,8,8_1,DI72,TBSV_DI73,15.50333333,17.17666667,-1.673333333,-53.46033333,1.24E+16,16.09316391
1,G08,16,8_1,DI72,TBSV_DI73,17.865,18.91,-1.045,-52.832,8.02E+15,15.90401673
1,G02,30,8_1,DI72,TBSV_DI73,16.33,23.16333333,-6.833333333,-58.62033333,4.43E+17,17.64647869
1,A03,35,8_1,DI73,TBSV_DI73,24.11,8.26,15.85,-55.305,4.45E+16,16.64846391
1,A06,4,8_1,DI73,TBSV_DI73,27.135,17.99,9.145,-62.01,4.64E+18,18.66687003
1,G03,30,8_1,DI73,TBSV_DI73,24.57666667,19.05666667,5.52,-65.635,5.73E+19,19.75810377
1,G09,16,8_1,DI73,TBSV_DI73,30.11,20.04,10.07,-61.085,2.45E+18,18.38841729
1,A09,8,8_1,DI73,TBSV_DI73,25.59333333,36.46,-10.86666667,-82.02166667,4.91E+24,24.69098196
1,A01,35,8_1,TBSV,TBSV_DI73,17.38,11.705,5.675,7.086,0.007360401,-2.133098549
1,A04,4,8_1,TBSV,TBSV_DI73,12.67,15.875,-3.205,-1.794,3.467750254,0.540047812
1,G01,30,8_1,TBSV,TBSV_DI73,13.80333333,17.15,-3.346666667,-1.935666667,3.825548641,0.582693728
1,A07,8,8_1,TBSV,TBSV_DI73,13.42333333,17.41,-3.986666667,-2.575666667,5.961463997,0.775352925
1,G07,16,8_1,TBSV,TBSV_DI73,15.14,17.695,-2.555,-1.144,2.20992897,0.344378315
1,A05,na,8_10,DI72,neg_ctrl,37.67,100,-62.33,,,
1,A06,na,8_10,DI73,neg_ctrl,100,30.105,69.895,,,
1,G11,30,8_10,DI72,neg_plt,28.82,13.33,15.49,,,
1,G12,30,8_10,DI73,neg_plt,39.82,11.595,28.225,,,
1,G10,30,8_10,TBSV,neg_plt,31.585,11.31,20.275,,,
1,A02,na,8_10,DI72,pos_ctrl,14.705,41.565,-26.86,,,
1,A03,na,8_10,DI73,pos_ctrl,12.79,27.23,-14.44,,,
1,A01,na,8_10,TBSV,pos_ctrl,10.99,24.115,-13.125,,,
1,C05,50,8_10,DI72,TBSV,13.605,12.41,1.195,-50.592,1.70E+15,15.22970954
1,A11,51,8_10,DI72,TBSV,100,13.88,86.12,34.333,4.62E-11,-10.33526284
1,A08,5,8_10,DI72,TBSV,100,15.605,84.395,32.608,1.53E-10,-9.815986099
1,C08,22,8_10,DI72,TBSV,17.21,16.665,0.545,-51.242,2.66E+15,15.42537904
1,C02,43,8_10,DI72,TBSV,32.475,18.09,14.385,-37.402,1.82E+11,11.2591239
1,C06,50,8_10,DI73,TBSV,29.365,11.065,18.3,-52.855,8.15E+15,15.91094042
1,A12,51,8_10,DI73,TBSV,100,11.595,88.405,17.25,6.42E-06,-5.192767425
1,A09,5,8_10,DI73,TBSV,100,12.965,87.035,15.88,1.66E-05,-4.780356331
1,C03,43,8_10,DI73,TBSV,100,16.215,83.785,12.63,0.000157758,-3.802008845
1,C09,22,8_10,DI73,TBSV,37.01,25.565,11.445,-59.71,9.43E+17,17.97450104
1,C04,50,8_10,TBSV,TBSV,15.94,10.475,5.465,6.876,0.008513688,-2.06988225
1,A10,51,8_10,TBSV,TBSV,12.725,11.805,0.92,2.331,0.198746313,-0.70170092
1,A07,5,8_10,TBSV,TBSV,13.11,12.33,0.78,2.191,0.218999579,-0.65955672
1,C01,43,8_10,TBSV,TBSV,12.555,14.8,-2.245,-0.834,1.782620992,0.251059016
1,C07,22,8_10,TBSV,TBSV,15.36,15.735,-0.375,1.036,0.487677731,-0.311867076
1,E11,27,8_10,DI72,TBSV_DI72,17.64,12.835,4.805,-46.982,1.39E+14,14.14299126
1,C11,12,8_10,DI72,TBSV_DI72,17.1005,15.125,1.9755,-49.8115,9.88E+14,14.99475563
1,E02,47,8_10,DI72,TBSV_DI72,17.9,16.35,1.55,-50.237,1.33E+15,15.12284389
1,E08,17,8_10,DI72,TBSV_DI72,17.565,18,-0.435,-52.222,5.25E+15,15.72038843
1,E05,54,8_10,DI72,TBSV_DI72,100,19.11,80.89,29.103,1.73E-09,-8.760875964
1,E12,27,8_10,DI73,TBSV_DI72,100,10.9,89.1,17.945,3.96E-06,-5.401983272
1,C12,12,8_10,DI73,TBSV_DI72,28.115,14.01,14.105,-57.05,1.49E+17,17.17376125
1,E03,47,8_10,DI73,TBSV_DI72,31.035,14.92,16.115,-55.04,3.70E+16,16.56869096
1,E06,54,8_10,DI73,TBSV_DI72,100,16.32,83.68,12.525,0.000169668,-3.770400696
1,E09,17,8_10,DI73,TBSV_DI72,27.425,16.365,11.06,-60.095,1.23E+18,18.09039759
1,E10,27,8_10,TBSV,TBSV_DI72,21.61,10.54,11.07,12.481,0.000174922,-3.757155376
1,C10,12,8_10,TBSV,TBSV_DI72,13.4,13.985,-0.585,0.826,0.564091069,-0.248650776
1,E01,47,8_10,TBSV,TBSV_DI72,17.075,14.365,2.71,4.121,0.057471878,-1.240544612
1,E07,17,8_10,TBSV,TBSV_DI72,13.11,15.105,-1.995,-0.584,1.498999602,0.175801517
1,E04,54,8_10,TBSV,TBSV_DI72,13.095,15.53,-2.435,-1.024,2.033549347,0.308254716
1,A11,3,8_10,DI72,TBSV_DI73,17.5,15.76,1.74,-50.047,1.16E+15,15.06564819
1,G02,41,8_10,DI72,TBSV_DI73,100,18.28,81.72,29.933,9.76E-10,-9.01073086
1,G05,14,8_10,DI72,TBSV_DI73,22.875,18.575,4.3,-47.487,1.97E+14,14.2950114
1,A08,38,8_10,DI72,TBSV_DI73,17.205,19.01,-1.805,-53.592,1.36E+16,16.13279953
1,G08,2,8_10,DI72,TBSV_DI73,100,22.97,77.03,25.243,2.52E-08,-7.598900181
1,A12,3,8_10,DI73,TBSV_DI73,26.5,14.46,12.04,-59.115,6.24E+17,17.79538819
1,G03,41,8_10,DI73,TBSV_DI73,100,15.915,84.085,12.93,0.000128139,-3.892317844
1,G09,2,8_10,DI73,TBSV_DI73,18.265,17.475,0.79,-70.365,1.52E+21,21.18197564
1,G06,14,8_10,DI73,TBSV_DI73,26.575,17.785,8.79,-62.365,5.94E+18,18.77373568
1,A09,38,8_10,DI73,TBSV_DI73,25.38,18.91,6.47,-64.685,2.97E+19,19.47212527
1,G01,41,8_10,TBSV,TBSV_DI73,13.27,14.855,-1.585,-0.174,1.128182137,0.052379219
1,G04,14,8_10,TBSV,TBSV_DI73,12.435,15.495,-3.06,-1.649,3.136161816,0.496398463
1,A10,3,8_10,TBSV,TBSV_DI73,15.01,16.015,-1.005,0.406,0.754712984,-0.122218178
1,G07,2,8_10,TBSV,TBSV_DI73,12.365,16.885,-4.52,-3.109,8.627843454,0.935902257
1,A07,38,8_10,TBSV,TBSV_DI73,12.775,19.97,-7.195,-5.784,55.10074805,1.741157495
2,A05,na,3_23,DI72,neg_ctrl,32.92,12.27666667,20.64333333,,,
2,A04,na,3_23,TBSV,neg_ctrl,41.49,38.51,2.98,,,
2,A02,na,3_23,DI72,pos_ctrl,27.39666667,20.68666667,6.71,,,
2,A03,na,3_23,DI73,pos_ctrl,31.55333333,22.51666667,9.036666667,,,
2,A01,na,3_23,TBSV,pos_ctrl,34.30666667,25.78333333,8.523333333,,,
2,A07,10,3_23,DI72,TBSV,17.43,16.73,0.7,-51.087,2.39E+15,15.37871939
2,C07,12,3_23,DI72,TBSV,29.955,17.565,12.39,-39.397,7.24E+11,11.85967874
2,C10,3,3_23,DI72,TBSV,17.1005,17.775,-0.6745,-52.4615,6.20E+15,15.79248512
2,A10,2,3_23,DI72,TBSV,20.52,18.51,2.01,-49.777,9.65E+14,14.98437009
2,A08,10,3_23,DI73,TBSV,100,16.46,83.54,12.385,0.000186958,-3.728256496
2,C08,12,3_23,DI73,TBSV,36.78,17.195,19.585,-51.57,3.34E+15,15.52411688
2,C11,3,3_23,DI73,TBSV,32.125,17.56,14.565,-56.59,1.08E+17,17.03528745
2,A11,2,3_23,DI73,TBSV,100,17.94,82.06,10.905,0.000521516,-3.282732103
2,C06,12,3_23,TBSV,TBSV,13.9425,17.6375,-3.695,-2.284,4.870264075,0.68755251
2,A09,2,3_23,TBSV,TBSV,14.2,17.835,-3.635,-2.224,4.671869578,0.66949071
2,A06,10,3_23,TBSV,TBSV,15.74,17.97,-2.23,-0.819,1.76418273,0.246543566
2,C09,3,3_23,TBSV,TBSV,15.035,20.705,-5.67,-4.259,19.14638341,1.282086752
2,G02,23,3_23,DI72,TBSV_DI72,19.485,15.67,3.815,-53.207,1.04E+16,16.01690298
2,E05,24,3_23,DI72,TBSV_DI72,14.77,16.19,-1.42,-51.782,3.87E+15,15.58793524
2,G09,33,3_23,DI72,TBSV_DI72,16.37,16.365,0.005,-52.392,5.91E+15,15.77156353
2,E02,11,3_23,DI72,TBSV_DI72,16.27,16.875,-0.605,-49.537,8.17E+14,14.9121229
2,G06,21,3_23,DI72,TBSV_DI72,19.72,17.47,2.25,32.708,1.43E-10,-9.846089098
2,G03,23,3_23,DI73,TBSV_DI72,100,15.505,84.495,13.34,9.64E-05,-4.015740142
2,E03,11,3_23,DI73,TBSV_DI72,30.435,16.52,13.915,-57.24,1.70E+17,17.23095695
2,G10,33,3_23,DI73,TBSV_DI72,32.07,16.68,15.39,-55.765,6.12E+16,16.78693771
2,G07,21,3_23,DI73,TBSV_DI72,34.28,17.015,17.265,-53.89,1.67E+16,16.22250647
2,G08,33,3_23,TBSV,TBSV_DI72,15.23,15.095,0.135,1.546,0.342458245,-0.465392373
2,G01,23,3_23,TBSV,TBSV_DI72,13.53,15.875,-2.345,-0.934,1.910565873,0.281162016
2,F04,24,3_23,TBSV,TBSV_DI72,25.72,16.125,9.595,11.006,0.000486255,-3.313136132
2,E01,11,3_23,TBSV,TBSV_DI72,17.42,16.62,0.8,2.211,0.215984547,-0.66557732
2,E04,24,3_23,TBSV,TBSV_DI72,14.25,16.67,-2.42,-1.009,2.012515647,0.303739266
2,G05,21,3_23,TBSV,TBSV_DI72,15.34,19.165,-3.825,-2.414,5.3294993,0.72668641
2,A05,na,4_9,DI73,neg_ctrl,33.55333333,11.69333333,21.86,,,
2,A04,na,4_9,TBSV,neg_ctrl,41.59666667,27.26666667,14.33,,,
2,A02,na,4_9,DI72,pos_ctrl,34.34666667,20.57666667,13.77,,,
2,A03,na,4_9,DI73,pos_ctrl,34.34666667,20.34666667,14,,,
2,A01,na,4_9,TBSV,pos_ctrl,34.25333333,23.99666667,10.25666667,,,
2,C12,8,4_9,DI72,TBSV,17.005,13.115,3.89,-47.897,2.62E+14,14.4184337
2,A10,16,4_9,DI72,TBSV,17.41,14.23,3.18,-48.607,4.29E+14,14.632165
2,C10,29,4_9,DI72,TBSV,21.315,14.32,6.995,-44.792,3.05E+13,13.48373557
2,C07,17,4_9,DI72,TBSV,22.375,17.97,4.405,-47.382,1.83E+14,14.26340325
2,A07,25,4_9,DI72,TBSV,26.75,18.115,8.635,-43.152,9.77E+12,12.99004637
2,E12,8,4_9,DI73,TBSV,100,13.895,86.105,14.95,3.16E-05,-4.500398435
2,A11,16,4_9,DI73,TBSV,100,15.41,84.59,13.435,9.03E-05,-4.044337992
2,C11,29,4_9,DI73,TBSV,100,16.14,83.86,12.705,0.000149766,-3.824586095
2,A08,25,4_9,DI73,TBSV,100,18.46,81.54,10.385,0.000747831,-3.126196505
2,C08,17,4_9,DI73,TBSV,39.765,18.555,21.21,-49.945,1.08E+15,15.03494313
2,A12,8,4_9,TBSV,TBSV,19.795,15.21,4.585,5.996,0.015668382,-1.804975854
2,C09,29,4_9,TBSV,TBSV,14.69,15.52,-0.83,0.581,0.668500248,-0.174898427
2,A09,16,4_9,TBSV,TBSV,20.74,16.11,4.63,6.041,0.015187203,-1.818522204
2,A06,25,4_9,TBSV,TBSV,15.81,18.19,-2.38,-0.969,1.957483301,0.291698066
2,C06,17,4_9,TBSV,TBSV,14.435,19.405,-4.97,-3.559,11.78598149,1.071365755
2,G09,3,4_9,DI72,TBSV_DI73,20.225,14.15,6.075,-45.712,5.76E+13,13.76068316
2,G06,21,4_9,DI72,TBSV_DI73,19.185,14.84,4.345,-47.442,1.91E+14,14.28146505
2,E05,30,4_9,DI72,TBSV_DI73,19.9,15.05,4.85,-46.937,1.35E+14,14.12944491
2,E02,22,4_9,DI72,TBSV_DI73,30.995,15.57,15.425,-36.362,8.83E+10,10.9460527
2,G02,14,4_9,DI72,TBSV_DI73,29.59,17.01,12.58,-39.207,6.35E+11,11.80248304
2,G10,3,4_9,DI73,TBSV_DI73,21.37,15.6,5.77,-65.385,4.82E+19,19.68284627
2,G07,21,4_9,DI73,TBSV_DI73,100,16.23,83.77,12.615,0.000159407,-3.797493395
2,G04,30,4_9,DI73,TBSV_DI73,100,16.56,83.44,12.285,0.000200376,-3.698153497
2,E03,22,4_9,DI73,TBSV_DI73,100,17.705,82.295,11.14,0.000443125,-3.353474152
2,G03,14,4_9,DI73,TBSV_DI73,100,18.54,81.46,10.305,0.000790471,-3.102114105
2,G08,3,4_9,TBSV,TBSV_DI73,14.38,14.39,-0.01,1.401,0.378666579,-0.421743024
2,E04,30,4_9,TBSV,TBSV_DI73,13.725,15.215,-1.49,-0.079,1.056285625,0.02378137
2,G05,21,4_9,TBSV,TBSV_DI73,17.07,16.11,0.96,2.371,0.193311584,-0.71374212
2,E01,22,4_9,TBSV,TBSV_DI73,14.765,16.28,-1.515,-0.104,1.074749173,0.03130712
2,G01,14,4_9,TBSV,TBSV_DI73,13.74,17.03,-3.29,-1.879,3.678200185,0.565635362
2,A05,na,8_1,DI72,neg_ctrl,36.13,100,-63.87,,,
2,A04,na,8_1,TBSV,neg_ctrl,31.075,25.88,5.195,,,
2,G11,na,8_1,DI72,neg_plt,42.005,10.1,31.905,,,
2,G12,na,8_1,DI73,neg_plt,100,11.3,88.7,,,
2,G10,na,8_1,TBSV,neg_plt,31.23,11.035,20.195,,,
2,A02,na,8_1,DI72,pos_ctrl,10.495,23.275,-12.78,,,
2,A03,na,8_1,DI73,pos_ctrl,12.665,29.71,-17.045,,,
2,A01,na,8_1,TBSV,pos_ctrl,9.19,22.595,-13.405,,,
2,A11,46,8_1,DI72,TBSV,25.21,14.685,10.525,-41.262,2.64E+12,12.42109968
2,C02,19,8_1,DI72,TBSV,16.23,14.97,1.26,-50.527,1.62E+15,15.21014259
2,C08,48,8_1,DI72,TBSV,17.23,16.75,0.48,-51.307,2.79E+15,15.44494599
2,A08,32,8_1,DI72,TBSV,17.88,17.15,0.73,-51.057,2.34E+15,15.36968849
2,C05,36,8_1,DI72,TBSV,15.485,17.165,-1.68,-53.467,1.25E+16,16.09517078
2,C06,36,8_1,DI73,TBSV,29.235,12.11,17.125,-54.03,1.84E+16,16.26465067
2,C03,19,8_1,DI73,TBSV,40.68,16.56,24.12,-47.035,1.44E+14,14.15894585
2,C09,48,8_1,DI73,TBSV,29.62,18.095,11.525,-59.63,8.92E+17,17.95041864
2,A09,32,8_1,DI73,TBSV,100,19.055,80.945,9.79,0.001129578,-2.947083658
2,A12,46,8_1,DI73,TBSV,100,19.215,80.785,9.63,0.001262063,-2.898918858
2,C01,19,8_1,TBSV,TBSV,19.15,15.37,3.78,5.191,0.027374947,-1.562646707
2,A10,46,8_1,TBSV,TBSV,12.96,15.865,-2.905,-1.494,2.816688454,0.449738814
2,A07,32,8_1,TBSV,TBSV,14.285,16.56,-2.275,-0.864,1.820077648,0.260089916
2,C04,36,8_1,TBSV,TBSV,14.905,17.485,-2.58,-1.169,2.248557848,0.351904065
2,C07,48,8_1,TBSV,TBSV,15.965,18.54,-2.575,-1.164,2.240778428,0.350398915
2,E11,41,8_1,DI72,TBSV_DI72,16.1,13.705,2.395,-49.392,7.39E+14,14.86847355
2,E05,23,8_1,DI72,TBSV_DI72,16.24,14.06,2.18,-49.607,8.57E+14,14.93319499
2,E08,38,8_1,DI72,TBSV_DI72,17.34,14.585,2.755,-49.032,5.76E+14,14.76010275
2,E02,7,8_1,DI72,TBSV_DI72,15.84,15.63,0.21,-51.577,3.36E+15,15.52622409
2,C11,17,8_1,DI72,TBSV_DI72,16.335,17.09,-0.755,-52.542,6.56E+15,15.81671803
2,E06,23,8_1,DI73,TBSV_DI72,100,15.51,84.49,13.335,9.68E-05,-4.014234992
2,E09,38,8_1,DI73,TBSV_DI72,40.32,16.775,23.545,-47.61,2.15E+14,14.33203809
2,E03,7,8_1,DI73,TBSV_DI72,30.07,17.11,12.96,-58.195,3.30E+17,17.5184406
2,E12,41,8_1,DI73,TBSV_DI72,35.74,17.255,18.485,-52.67,7.17E+15,15.85524987
2,C12,17,8_1,DI73,TBSV_DI72,31.57,18.175,13.395,-57.76,2.44E+17,17.38749255
2,E07,38,8_1,TBSV,TBSV_DI72,14.7,14.65,0.05,1.461,0.363241262,-0.439804824
2,E04,23,8_1,TBSV,TBSV_DI72,17.665,15.6,2.065,3.476,0.089871033,-1.046380265
2,E01,7,8_1,TBSV,TBSV_DI72,16.535,16.05,0.485,1.896,0.268687293,-0.570752872
2,E10,41,8_1,TBSV,TBSV_DI72,16.865,16.635,0.23,1.641,0.320634151,-0.493990223
2,C10,17,8_1,TBSV,TBSV_DI72,18.24,16.97,1.27,2.681,0.155933196,-0.807061418
2,G05,15,8_1,DI72,TBSV_DI73,18.79,15.53,3.26,-48.527,4.06E+14,14.6080826
2,G02,20,8_1,DI72,TBSV_DI73,16.255,16.205,0.05,-51.737,3.75E+15,15.57438889
2,C02,24,8_1,DI72,TBSV_DI73,21.11,16.235,4.875,-46.912,1.32E+14,14.12191916
2,C05,34,8_1,DI72,TBSV_DI73,15.155,17.305,-2.15,-53.937,1.72E+16,16.23665488
2,G08,37,8_1,DI72,TBSV_DI73,19.1005,25.17,-6.0695,-57.8565,2.61E+17,17.41654194
2,G06,15,8_1,DI73,TBSV_DI73,24.365,15.755,8.61,-62.545,6.73E+18,18.82792108
2,G03,20,8_1,DI73,TBSV_DI73,29.5,18.06,11.44,-59.715,9.46E+17,17.97600619
2,G09,37,8_1,DI73,TBSV_DI73,39,18.075,20.925,-50.23,1.32E+15,15.12073668
2,C06,34,8_1,DI73,TBSV_DI73,29.66,19.335,10.325,-60.83,2.05E+18,18.31165464
2,C03,24,8_1,DI73,TBSV_DI73,100,32.08,67.92,-3.235,9.415253898,0.973832036
2,G04,15,8_1,TBSV,TBSV_DI73,15.305,15.175,0.13,1.541,0.343647174,-0.463887223
2,G07,37,8_1,TBSV,TBSV_DI73,14.565,16.285,-1.72,-0.309,1.238848698,0.093018269
2,C01,24,8_1,TBSV,TBSV_DI73,13.025,17.105,-4.08,-2.669,6.359882008,0.803449058
2,G01,20,8_1,TBSV,TBSV_DI73,16.33,17.775,-1.445,-0.034,1.0238469,0.01023502
2,C04,34,8_1,TBSV,TBSV_DI73,13.485,18.055,-4.57,-3.159,8.932103696,0.950953756
2,A05,na,8_10,DI72,neg_ctrl,40.34,100,-59.66,,,
2,A06,na,8_10,DI73,neg_ctrl,100,36.2925,63.7075,,,
2,A04,na,8_10,TBSV,neg_ctrl,100,26.5975,73.4025,,,
2,G11,37,8_10,DI72,neg_plt,29.61,14.88,14.73,,,
2,G12,37,8_10,DI73,neg_plt,100,13.84,86.16,,,
2,G10,37,8_10,TBSV,neg_plt,100,12.82,87.18,,,
2,A02,na,8_10,DI72,pos_ctrl,11.05,42.65666667,-31.60666667,,,
2,A03,na,8_10,DI73,pos_ctrl,12.46,22.96,-10.5,,,
2,A01,na,8_10,TBSV,pos_ctrl,11.48333333,34.32,-22.83666667,,,
2,A11,26,8_10,DI72,TBSV,15.535,17.29,-1.755,-53.542,1.31E+16,16.11774803
2,C08,19,8_10,DI72,TBSV,29.4,21.205,8.195,-43.592,1.33E+13,13.12249957
2,C05,42,8_10,DI72,TBSV,27.73,29.87,-2.14,-53.927,1.71E+16,16.23364458
2,C02,53,8_10,DI72,TBSV,29.47,30.38,-0.91,-52.697,7.30E+15,15.86337768
2,A08,10,8_10,DI72,TBSV,15.38,100,-84.62,-136.407,1.16E+41,41.06259862
2,A12,26,8_10,DI73,TBSV,38.78,10.695,28.085,-43.07,9.23E+12,12.96536191
2,C09,19,8_10,DI73,TBSV,100,16.51,83.49,12.335,0.000193551,-3.713204997
2,C06,42,8_10,DI73,TBSV,41.115,17.175,23.94,-47.215,1.63E+14,14.21313125
2,A09,10,8_10,DI73,TBSV,34.115,18.91,15.205,-55.95,6.96E+16,16.84262826
2,C03,53,8_10,DI73,TBSV,100,19.37,80.63,9.475,0.001405209,-2.852259209
2,A10,26,8_10,TBSV,TBSV,18.195,15.22,2.975,4.386,0.047828024,-1.320317561
2,C07,19,8_10,TBSV,TBSV,11.405,16.405,-5,-3.589,12.03363001,1.080396654
2,A07,10,8_10,TBSV,TBSV,14.765,17.665,-2.9,-1.489,2.806943452,0.448233664
2,C01,53,8_10,TBSV,TBSV,14.185,18.26,-4.075,-2.664,6.337878487,0.801943908
2,C04,42,8_10,TBSV,TBSV,13.905,18.85,-4.945,-3.534,11.58350538,1.063840005
2,E08,44,8_10,DI72,TBSV_DI72,16.535,12.125,4.41,-47.377,1.83E+14,14.2618981
2,E05,49,8_10,DI72,TBSV_DI72,16.185,12.57,3.615,-48.172,3.17E+14,14.50121695
2,E11,31,8_10,DI72,TBSV_DI72,16.78,13.99,2.79,-48.997,5.62E+14,14.7495667
2,E02,39,8_10,DI72,TBSV_DI72,16.015,16.415,-0.4,-52.187,5.13E+15,15.70985238
2,C11,52,8_10,DI72,TBSV_DI72,16.33,21.535,-5.205,-56.992,1.43E+17,17.15630151
2,E12,31,8_10,DI73,TBSV_DI72,100,12.83,87.17,16.015,1.51E-05,-4.820995381
2,C12,52,8_10,DI73,TBSV_DI72,31.765,15.865,15.9,-55.255,4.30E+16,16.63341241
2,E03,39,8_10,DI73,TBSV_DI72,29.67,18.075,11.595,-59.56,8.50E+17,17.92934654
2,E06,49,8_10,DI73,TBSV_DI72,37.185,18.43,18.755,-52.4,5.94E+15,15.77397177
2,E09,44,8_10,DI73,TBSV_DI72,100,20.52,79.48,8.325,0.003118353,-2.506074714
2,E10,31,8_10,TBSV,TBSV_DI72,21.59,11.7,9.89,11.301,0.000396333,-3.401939981
2,C10,52,8_10,TBSV,TBSV_DI72,14.68,16.25,-1.57,-0.159,1.116512962,0.047863769
2,E07,44,8_10,TBSV,TBSV_DI72,14.61,18.07,-3.46,-2.049,4.138190326,0.616810461
2,E04,49,8_10,TBSV,TBSV_DI72,15.29,18.34,-3.05,-1.639,3.114498764,0.493388163
2,E01,39,8_10,TBSV,TBSV_DI72,14.315,19.65,-5.335,-3.924,15.17894904,1.181241703
2,C05,48,8_10,DI72,TBSV_DI73,27.155,15.98,11.175,-40.612,1.68E+12,12.22543018
2,C02,8,8_10,DI72,TBSV_DI73,29.11,18.97,10.14,-41.647,3.44E+12,12.53699623
2,G02,25,8_10,DI72,TBSV_DI73,22.08,19.67,2.41,-49.377,7.31E+14,14.8639581
2,G08,16,8_10,DI72,TBSV_DI73,15.71,19.94,-4.23,-56.017,7.29E+16,16.86279727
2,G05,40,8_10,DI72,TBSV_DI73,16.97,20.1,-3.13,-54.917,3.40E+16,16.53166427
2,C06,48,8_10,DI73,TBSV_DI73,18.825,15.99,2.835,-68.32,3.68E+20,20.5663693
2,G03,25,8_10,DI73,TBSV_DI73,20.25,16.26,3.99,-67.165,1.65E+20,20.21867966
2,G09,16,8_10,DI73,TBSV_DI73,26.62,16.65,9.97,-61.185,2.62E+18,18.41852028
2,C03,8,8_10,DI73,TBSV_DI73,19.285,17.095,2.19,-68.965,5.76E+20,20.76053365
2,G06,40,8_10,DI73,TBSV_DI73,30.39,17.99,12.4,-58.755,4.86E+17,17.6870174
2,C04,48,8_10,TBSV,TBSV_DI73,13.47,15.965,-2.495,-1.084,2.119905567,0.326316515
2,G01,25,8_10,TBSV,TBSV_DI73,14.06,17.38,-3.32,-1.909,3.755486989,0.574666262
2,C01,8,8_10,TBSV,TBSV_DI73,12.955,18.19,-5.235,-3.824,14.16246023,1.151138703
2,G07,16,8_10,TBSV,TBSV_DI73,14.05,18.28,-4.23,-2.819,7.056730922,0.848603558
2,G04,40,8_10,TBSV,TBSV_DI73,14.44,19.26,-4.82,-3.409,10.62212127,1.026211255
3,A05,na,3_23,DI72,neg_ctrl,33.24,13.48666667,19.75333333,,,
3,A04,na,3_23,TBSV,neg_ctrl,100,38.54,61.46,,,
3,A02,na,3_23,DI72,pos_ctrl,31.07333333,23.30666667,7.766666667,,,
3,A03,na,3_23,DI73,pos_ctrl,31.63,23.08333333,8.546666667,,,
3,A01,na,3_23,TBSV,pos_ctrl,34.09,24.58666667,9.503333333,,,
3,A10,5,3_23,DI72,TBSV,100,14.94,85.06,33.273,9.63E-11,-10.01617105
3,A07,16,3_23,DI72,TBSV,30.605,15.97,14.635,-37.152,1.53E+11,11.1838664
3,C12,6,3_23,DI72,TBSV,30.925,16.21,14.715,-37.072,1.44E+11,11.159784
3,C07,20,3_23,DI72,TBSV,19.27,18.095,1.175,-50.612,1.72E+15,15.23573014
3,C10,19,3_23,DI72,TBSV,31.385,18.755,12.63,-39.157,6.13E+11,11.78743154
3,A11,5,3_23,DI73,TBSV,100,15.075,84.925,13.77,7.16E-05,-4.14518304
3,E12,6,3_23,DI73,TBSV,100,15.59,84.41,13.255,0.000102293,-3.990152593
3,A08,16,3_23,DI73,TBSV,100,15.595,84.405,13.25,0.000102648,-3.988647443
3,C08,20,3_23,DI73,TBSV,100,16.955,83.045,11.89,0.000263483,-3.579246648
3,C11,19,3_23,DI73,TBSV,100,18.82,81.18,10.025,0.000959786,-3.017825707
3,A09,5,3_23,TBSV,TBSV,13.51,15.195,-1.685,-0.274,1.209155676,0.082482219
3,A06,16,3_23,TBSV,TBSV,14.27,15.44,-1.17,0.241,0.846158597,-0.072548229
3,A12,6,3_23,TBSV,TBSV,15.985,15.575,0.41,1.821,0.283024726,-0.548175622
3,C06,20,3_23,TBSV,TBSV,15.04,17.485,-2.445,-1.034,2.047693801,0.311265016
3,C09,19,3_23,TBSV,TBSV,14.28,18.49,-4.21,-2.799,6.959578822,0.842582958
3,E02,18,3_23,DI72,TBSV_DI72,16.615,13.055,3.56,-48.227,3.29E+14,14.5177736
3,G09,17,3_23,DI72,TBSV_DI72,17.05,13.485,3.565,-48.222,3.28E+14,14.51626845
3,G02,4,3_23,DI72,TBSV_DI72,15.925,15.815,0.11,-51.677,3.60E+15,15.55632709
3,E05,19,3_23,DI72,TBSV_DI72,16.58,16.64,-0.06,-51.847,4.05E+15,15.60750219
3,G06,7,3_23,DI72,TBSV_DI72,16.015,18.03,-2.015,-53.802,1.57E+16,16.19601583
3,E03,18,3_23,DI73,TBSV_DI72,40.855,13.725,27.13,-44.025,1.79E+13,13.25284556
3,G10,17,3_23,DI73,TBSV_DI72,100,15.02,84.98,13.825,6.89E-05,-4.16173969
3,G04,19,3_23,DI73,TBSV_DI72,100,16.41,83.59,12.435,0.000180589,-3.743307996
3,G03,4,3_23,DI73,TBSV_DI72,33.805,16.57,17.235,-53.92,1.70E+16,16.23153737
3,G07,7,3_23,DI73,TBSV_DI72,30.075,16.71,13.365,-57.79,2.49E+17,17.39652345
3,E01,18,3_23,TBSV,TBSV_DI72,16.03,13.61,2.42,3.831,0.070267433,-1.153245913
3,G08,17,3_23,TBSV,TBSV_DI72,17.275,13.995,3.28,4.691,0.038714022,-1.41213171
3,G01,4,3_23,TBSV,TBSV_DI72,16.49,16.27,0.22,1.631,0.322864338,-0.490979923
3,G05,7,3_23,TBSV,TBSV_DI72,14.775,16.44,-1.665,-0.254,1.192508872,0.076461619
3,E04,19,3_23,TBSV,TBSV_DI72,16.555,16.835,-0.28,1.131,0.456599125,-0.340464925
3,F08,na,4_9,DI73,neg_ctrl,36.25333333,15.30666667,20.94666667,,,
3,F09,na,4_9,TBSV,neg_ctrl,42.94333333,39.03,3.913333333,,,
3,G03,28,4_9,DI72,TBSV,23.095,12.69,10.405,-41.382,2.87E+12,12.45722328
3,E01,19,4_9,DI72,TBSV,21.55,16.32,5.23,-46.557,1.04E+14,14.01505351
3,G06,11,4_9,DI72,TBSV,23.865,17.265,6.6,-45.187,4.01E+13,13.60264241
3,E06,24,4_9,DI72,TBSV,30.81,17.375,13.435,-38.352,3.51E+11,11.54510239
3,E03,5,4_9,DI72,TBSV,31.93,18.66,13.27,-38.517,3.93E+11,11.59477234
3,G02,28,4_9,DI73,TBSV,100,13.695,86.305,15.15,2.75E-05,-4.560604434
3,C01,19,4_9,DI73,TBSV,100,18.1,81.9,10.745,0.000582683,-3.234567303
3,G05,11,4_9,DI73,TBSV,100,18.535,81.465,10.31,0.000787736,-3.103619255
3,E05,24,4_9,DI73,TBSV,100,20.62,79.38,8.225,0.003342168,-2.475971714
3,E02,5,4_9,DI73,TBSV,100,20.925,79.075,7.92,0.004128977,-2.384157566
3,G04,28,4_9,TBSV,TBSV,18.09,13.52,4.57,5.981,0.015832139,-1.800460404
3,E07,24,4_9,TBSV,TBSV,17.51,17.96,-0.45,0.961,0.51370072,-0.289289826
3,E04,5,4_9,TBSV,TBSV,17.665,18.655,-0.99,0.421,0.746906729,-0.126733628
3,G07,11,4_9,TBSV,TBSV,16.91,19.4,-2.49,-1.079,2.112571251,0.324811365
3,G01,19,4_9,TBSV,TBSV,19.395,19.98,-0.585,0.826,0.564091069,-0.248650776
3,A07,4,4_9,DI72,TBSV_DI73,30.355,15.33,15.025,-36.762,1.17E+11,11.0664647
3,C11,15,4_9,DI72,TBSV_DI73,28.53,16.03,12.5,-39.287,6.71E+11,11.82656544
3,A11,10,4_9,DI72,TBSV_DI73,20.005,16.095,3.91,-47.877,2.58E+14,14.4124131
3,A04,32,4_9,DI72,TBSV_DI73,20.585,17.06,3.525,-48.262,3.38E+14,14.52830965
3,C08,6,4_9,DI72,TBSV_DI73,19.365,20.935,-1.57,-53.357,1.15E+16,16.06205748
3,A06,4,4_9,DI73,TBSV_DI73,100,15.96,84.04,12.885,0.000132199,-3.878771494
3,C10,15,4_9,DI73,TBSV_DI73,100,17.375,82.625,11.47,0.000352522,-3.45281405
3,A10,10,4_9,DI73,TBSV_DI73,100,17.59,82.41,11.255,0.000409173,-3.388092601
3,A03,32,4_9,DI73,TBSV_DI73,100,18.93,81.07,9.915,0.001035828,-2.984712407
3,A09,6,4_9,DI73,TBSV_DI73,29.985,33.43,-3.445,-74.6,2.86E+22,22.45683768
3,A12,10,4_9,TBSV,TBSV_DI73,19.12,17,2.12,3.531,0.086509357,-1.062936915
3,C12,15,4_9,TBSV,TBSV_DI73,16.705,17.125,-0.42,0.991,0.503128912,-0.298320726
3,A05,32,4_9,TBSV,TBSV_DI73,17.02,17.34,-0.32,1.091,0.469435874,-0.328423725
3,A08,4,4_9,TBSV,TBSV_DI73,17.68,17.565,0.115,1.526,0.347238784,-0.459371773
3,C09,6,4_9,TBSV,TBSV_DI73,14.31,20.68,-6.37,-4.959,31.10339162,1.492807748
3,A05,na,8_1,DI72,neg_ctrl,100,100,0,,,
3,A06,na,8_1,DI73,neg_ctrl,100,30.3,69.7,,,
3,A04,na,8_1,TBSV,neg_ctrl,100,25.915,74.085,,,
3,G11,na,8_1,DI72,neg_plt,30.165,13.14,17.025,,,
3,G12,na,8_1,DI73,neg_plt,100,11.775,88.225,,,
3,G10,na,8_1,TBSV,neg_plt,32.68,10.64,22.04,,,
3,A02,na,8_1,DI72,pos_ctrl,10.21,30.91,-20.7,,,
3,A03,na,8_1,DI73,pos_ctrl,12.605,19.605,-7,,,
3,A01,na,8_1,TBSV,pos_ctrl,9.38,21.92,-12.54,,,
3,C02,9,8_1,DI72,TBSV,18.31,13.64,4.67,-47.117,1.53E+14,14.18363031
3,A11,40,8_1,DI72,TBSV,18.135,16.305,1.83,-49.957,1.09E+15,15.03855549
3,C05,21,8_1,DI72,TBSV,16.325,17.29,-0.965,-52.752,7.58E+15,15.87993433
3,A08,12,8_1,DI72,TBSV,30.94,17.41,13.53,-38.257,3.28E+11,11.51650454
3,C08,31,8_1,DI72,TBSV,19.125,18.415,0.71,-51.077,2.38E+15,15.37570909
3,C03,9,8_1,DI73,TBSV,100,15.1005,84.8995,13.7445,7.29E-05,-4.137506775
3,A12,40,8_1,DI73,TBSV,100,17.38,82.62,11.465,0.000353746,-3.4513089
3,A09,12,8_1,DI73,TBSV,100,19.525,80.475,9.32,0.00156459,-2.80559956
3,C06,21,8_1,DI73,TBSV,100,32.57,67.43,-3.725,13.22320509,1.121336734
3,C09,31,8_1,DI73,TBSV,100,41.34,58.66,-12.495,5772.577813,3.761369796
3,A10,40,8_1,TBSV,TBSV,19.515,14.14,5.375,6.786,0.009061716,-2.042789551
3,C01,9,8_1,TBSV,TBSV,19.77,14.325,5.445,6.856,0.008632535,-2.06386165
3,C04,21,8_1,TBSV,TBSV,17.41,17.605,-0.195,1.216,0.430474594,-0.366052475
3,A07,12,8_1,TBSV,TBSV,15.93,18.31,-2.38,-0.969,1.957483301,0.291698066
3,C07,31,8_1,TBSV,TBSV,15.07,19.71,-4.64,-3.229,9.376178269,0.972025856
3,C11,3,8_1,DI72,TBSV_DI72,16.935,9.93,7.005,-44.782,3.02E+13,13.48072527
3,E08,22,8_1,DI72,TBSV_DI72,18.775,13.615,5.16,-46.627,1.09E+14,14.03612561
3,E02,33,8_1,DI72,TBSV_DI72,17.33,14.735,2.595,-49.192,6.43E+14,14.80826755
3,E05,42,8_1,DI72,TBSV_DI72,15.985,15.21,0.775,-51.012,2.27E+15,15.35614214
3,E11,45,8_1,DI72,TBSV_DI72,18.71,17.665,1.045,-50.742,1.88E+15,15.27486404
3,E09,22,8_1,DI73,TBSV_DI72,100,16.475,83.525,12.37,0.000188912,-3.723741046
3,E12,45,8_1,DI73,TBSV_DI72,100,17.44,82.56,11.405,0.000368768,-3.433247101
3,E03,33,8_1,DI73,TBSV_DI72,100,19.055,80.945,9.79,0.001129578,-2.947083658
3,C12,3,8_1,DI73,TBSV_DI72,34.355,20.01,14.345,-56.81,1.26E+17,17.10151405
3,E06,42,8_1,DI73,TBSV_DI72,100,31.79,68.21,-2.945,7.700755545,0.886533337
3,E07,22,8_1,TBSV,TBSV_DI72,18.36,14.38,3.98,5.391,0.023831276,-1.622852707
3,E10,45,8_1,TBSV,TBSV_DI72,16.91,15.355,1.555,2.966,0.127980863,-0.892854967
3,E01,33,8_1,TBSV,TBSV_DI72,18.685,15.9,2.785,4.196,0.054560474,-1.263121862
3,E04,42,8_1,TBSV,TBSV_DI72,17.595,17.65,-0.055,1.356,0.39066394,-0.408196674
3,C10,3,8_1,TBSV,TBSV_DI72,17.855,18.685,-0.83,0.581,0.668500248,-0.174898427
3,E05,49,8_1,DI72,TBSV_DI73,26.37,12.62,13.75,-38.037,2.82E+11,11.45027795
3,E02,27,8_1,DI72,TBSV_DI73,16.76,16.665,0.095,-51.692,3.64E+15,15.56084254
3,G02,50,8_1,DI72,TBSV_DI73,17.27,16.995,0.275,-51.512,3.21E+15,15.50665714
3,G05,29,8_1,DI72,TBSV_DI73,17.23,17.625,-0.395,-52.182,5.11E+15,15.70834723
3,G08,2,8_1,DI72,TBSV_DI73,16.85,17.68,-0.83,-52.617,6.91E+15,15.83929528
3,G03,50,8_1,DI73,TBSV_DI73,42.465,10.66,31.805,-39.35,7.01E+11,11.84553033
3,E06,49,8_1,DI73,TBSV_DI73,100,14.855,85.145,13.99,6.15E-05,-4.211409639
3,E03,27,8_1,DI73,TBSV_DI73,34.505,19.985,14.52,-56.635,1.12E+17,17.0488338
3,G06,29,8_1,DI73,TBSV_DI73,100,29.18,70.82,-0.335,1.261377409,0.100845049
3,G09,2,8_1,DI73,TBSV_DI73,100,29.68,70.32,-0.835,1.783857039,0.251360046
3,E04,49,8_1,TBSV,TBSV_DI73,13.1005,15.31,-2.2095,-0.7985,1.739291808,0.240372452
3,G04,29,8_1,TBSV,TBSV_DI73,14.93,17.19,-2.26,-0.849,1.80125196,0.255574466
3,G07,2,8_1,TBSV,TBSV_DI73,16.085,17.215,-1.13,0.281,0.823020345,-0.084589429
3,E01,27,8_1,TBSV,TBSV_DI73,17.87,17.25,0.62,2.031,0.244685413,-0.611391921
3,G01,50,8_1,TBSV,TBSV_DI73,17.385,17.415,-0.03,1.381,0.383952567,-0.415722424
3,A05,na,8_10,DI72,neg_ctrl,36.14,100,-63.86,,,
3,A06,na,8_10,DI73,neg_ctrl,100,34.26,65.74,,,
3,A04,na,8_10,TBSV,neg_ctrl,100,30.58,69.42,,,
3,G11,4,8_10,DI72,neg_plt,33.04,14.3,18.74,,,
3,H11,37,8_10,DI72,neg_plt,30.06,15.21,14.85,,,
3,E02,4,8_10,DI72,neg_plt,33.395,18.14,15.255,,,
3,H12,37,8_10,DI73,neg_plt,100,13.73,86.27,,,
3,G12,4,8_10,DI73,neg_plt,100,14.55,85.45,,,
3,E03,4,8_10,DI73,neg_plt,100,17.215,82.785,,,
3,H10,37,8_10,TBSV,neg_plt,100,12.74,87.26,,,
3,G10,4,8_10,TBSV,neg_plt,100,15.97,84.03,,,
3,E01,4,8_10,TBSV,neg_plt,38.11,17.9,20.21,,,
3,A02,na,8_10,DI72,pos_ctrl,10.735,100,-89.265,,,
3,A03,na,8_10,DI73,pos_ctrl,12.055,23.95,-11.895,,,
3,A01,na,8_10,TBSV,pos_ctrl,9.505,33.275,-23.77,,,
3,A08,24,8_10,DI72,TBSV,17.025,11.34,5.685,-46.102,7.55E+13,13.87808486
3,A11,46,8_10,DI72,TBSV,30.325,33.31,-2.985,-54.772,3.08E+16,16.48801492
3,C08,13,8_10,DI72,TBSV,16.64,100,-83.36,-135.147,4.82E+40,40.68330082
3,C05,23,8_10,DI72,TBSV,16.74,100,-83.26,-135.047,4.50E+40,40.65319782
3,C02,32,8_10,DI72,TBSV,29.495,100,-70.505,-122.292,6.51E+36,36.81356023
3,C09,13,8_10,DI73,TBSV,29.32,13.29,16.03,-55.125,3.93E+16,16.59427851
3,A09,24,8_10,DI73,TBSV,38.8,17.41,21.39,-49.765,9.57E+14,14.98075773
3,A12,46,8_10,DI73,TBSV,100,19.92,80.08,8.925,0.002057346,-2.686692711
3,C03,32,8_10,DI73,TBSV,35.825,24.265,11.56,-59.595,8.71E+17,17.93988259
3,C06,23,8_10,DI73,TBSV,31.655,35.44,-3.785,-74.94,3.62E+22,22.55918788
3,A07,24,8_10,TBSV,TBSV,16.31,17.41,-1.1,0.311,0.806082831,-0.093620329
3,A10,46,8_10,TBSV,TBSV,13.075,18.095,-5.02,-3.609,12.20161323,1.086417254
3,C07,13,8_10,TBSV,TBSV,13.395,20.495,-7.1,-5.689,51.58930122,1.712559645
3,C04,23,8_10,TBSV,TBSV,14.495,22.765,-8.27,-6.859,116.0819621,2.06476474
3,C01,32,8_10,TBSV,TBSV,13.87,22.94,-9.07,-7.659,202.110435,2.305588737
3,C11,21,8_10,DI72,TBSV_DI72,32.53,17.095,15.435,-36.352,8.77E+10,10.9430424
3,E11,18,8_10,DI72,TBSV_DI72,17.605,19.1005,-1.4955,-53.2825,1.10E+16,16.03963074
3,E02,36,8_10,DI72,TBSV_DI72,33.095,19.695,13.4,-38.387,3.59E+11,11.55563844
3,E08,35,8_10,DI72,TBSV_DI72,18.44,20.085,-1.645,-53.432,1.22E+16,16.08463473
3,E05,15,8_10,DI72,TBSV_DI72,18.27,22.91,-4.64,-56.427,9.69E+16,16.98621957
3,C12,21,8_10,DI73,TBSV_DI72,100,16.03,83.97,12.815,0.000138772,-3.857699394
3,E09,35,8_10,DI73,TBSV_DI72,100,17.1,82.9,11.745,0.000291342,-3.535597299
3,E12,18,8_10,DI73,TBSV_DI72,100,17.675,82.325,11.17,0.000434005,-3.362505052
3,E03,36,8_10,DI73,TBSV_DI72,100,17.695,82.305,11.15,0.000440064,-3.356484452
3,E06,15,8_10,DI73,TBSV_DI72,34.825,24.22,10.605,-60.55,1.69E+18,18.22736624
3,E01,36,8_10,TBSV,TBSV_DI72,100,17,83,84.411,3.89E-26,-25.41024296
3,E07,35,8_10,TBSV,TBSV_DI72,24.915,17.44,7.475,8.886,0.00211372,-2.674952541
3,E10,18,8_10,TBSV,TBSV_DI72,21.755,18.26,3.495,4.906,0.033353917,-1.476853159
3,C10,21,8_10,TBSV,TBSV_DI72,100,18.415,81.585,82.996,1.04E-25,-24.98428552
3,E04,15,8_10,TBSV,TBSV_DI72,15.265,20.525,-5.26,-3.849,14.41001568,1.158664453
3,G08,7,8_10,DI72,TBSV_DI73,28.99,1.81,27.18,-24.607,2.56E+07,7.407445103
3,C08,33,8_10,DI72,TBSV_DI73,27.375,17.51,9.865,-41.922,4.17E+12,12.61977948
3,H02,25,8_10,DI72,TBSV_DI73,22.25,18.82,3.43,-48.357,3.61E+14,14.5569075
3,H08,16,8_10,DI72,TBSV_DI73,15.62,20.11,-4.49,-56.277,8.73E+16,16.94106507
3,H05,40,8_10,DI72,TBSV_DI73,16.46,21.16,-4.7,-56.487,1.01E+17,17.00428137
3,C11,1,8_10,DI72,TBSV_DI73,28.365,23.27,5.095,-46.692,1.14E+14,14.05569256
3,G05,29,8_10,DI72,TBSV_DI73,27.22,40.1,-12.88,-64.667,2.93E+19,19.46670673
3,G02,34,8_10,DI72,TBSV_DI73,17.75,100,-82.25,-134.037,2.23E+40,40.34915753
3,H03,25,8_10,DI73,TBSV_DI73,20.31,16.29,4.02,-67.135,1.62E+20,20.20964876
3,H09,16,8_10,DI73,TBSV_DI73,26.54,17.04,9.5,-61.655,3.63E+18,18.56000438
3,H06,40,8_10,DI73,TBSV_DI73,32.89,18.44,14.45,-56.705,1.17E+17,17.0699059
3,C09,33,8_10,DI73,TBSV_DI73,100,21.71,78.29,7.135,0.007114608,-2.147849019
3,G09,7,8_10,DI73,TBSV_DI73,32.72,22.09,10.63,-60.525,1.66E+18,18.21984049
3,C12,1,8_10,DI73,TBSV_DI73,100,22.85,77.15,5.995,0.015679246,-1.804674824
3,G03,34,8_10,DI73,TBSV_DI73,39.62,24.14,15.48,-55.675,5.75E+16,16.75984501
3,G06,29,8_10,DI73,TBSV_DI73,100,100,0,-71.155,2.63E+21,21.41978934
3,H07,16,8_10,TBSV,TBSV_DI73,13.29,17.51,-4.22,-2.809,7.007986521,0.845593258
3,H01,25,8_10,TBSV,TBSV_DI73,13.86,18.21,-4.35,-2.939,7.668795508,0.884727157
3,H04,40,8_10,TBSV,TBSV_DI73,14.53,18.1,-3.57,-2.159,4.466051848,0.649923761
3,G04,29,8_10,TBSV,TBSV_DI73,14.07,18.62,-4.55,-3.139,8.809132785,0.944933156
3,G07,7,8_10,TBSV,TBSV_DI73,14.32,18.88,-4.56,-3.149,8.870405149,0.947943456
3,C10,1,8_10,TBSV,TBSV_DI73,15.155,22.06,-6.905,-5.494,45.06701526,1.653858796
3,G01,34,8_10,TBSV,TBSV_DI73,17.09,22.93,-5.84,-4.429,21.54080111,1.333261851
3,C07,33,8_10,TBSV,TBSV_DI73,13.44,29.31,-15.87,-14.459,2.25E+04,4.352592707
4,E08,38,8_1,DI72,rcvrd_leaf,14.69,12.19,2.5,-13.499375,1.16E+04,4.063716798
4,E11,35,8_1,DI72,rcvrd_leaf,14.62,12.21,2.41,-13.589375,1.23E+04,4.090809497
4,E05,30,8_1,DI72,rcvrd_leaf,18.15,15.98,2.17,-13.829375,1.46E+04,4.163056696
4,E09,38,8_1,DI73,rcvrd_leaf,33.65,8.72,24.93,-53.916875,1.70E+16,16.23059665
4,E12,35,8_1,DI73,rcvrd_leaf,30.94,11.41,19.53,-59.316875,7.18E+17,17.85615862
4,E06,30,8_1,DI73,rcvrd_leaf,100,14.125,85.875,7.028125,0.007661672,-2.115676438
4,E07,38,8_1,TBSV,rcvrd_leaf,16.71,12.68,4.03,-38.61875,4.22E+11,11.62540215
4,E10,35,8_1,TBSV,rcvrd_leaf,16.7,13.905,2.795,-39.85375,9.94E+11,11.99717419
4,E04,30,8_1,TBSV,rcvrd_leaf,16.995,14.115,2.88,-39.76875,9.37E+11,11.97158664
4,G02,5,8_1,DI72,rcvrd_leaf,12.835,11.325,1.51,-14.489375,2.30E+04,4.361736493
4,G05,18,8_1,DI72,rcvrd_leaf,14.72,13.495,1.225,-14.774375,2.80E+04,4.447530042
4,G03,5,8_1,DI73,rcvrd_leaf,30.505,8.395,22.11,-56.736875,1.20E+17,17.07950124
4,G06,18,8_1,DI73,rcvrd_leaf,100,13.54,86.46,7.613125,0.005107649,-2.291778986
4,G01,5,8_1,TBSV,rcvrd_leaf,16.6,11.24,5.36,-37.28875,1.68E+11,11.22503225
4,G04,18,8_1,TBSV,rcvrd_leaf,16.975,12.9,4.075,-38.57375,4.09E+11,11.6118558
