timepoint,well,plant,date,target,exp_group,target_ct,18S_ct,dct,ddct,2pwr_negddct,log_2pwr_negddct
1,A05,,3_23,DI72,neg_ctrl,32.74666667,12.08333333,20.66333333,10.1725,0.000866508,-3.062227631
1,A05,,8_1,DI72,neg_ctrl,37.155,45,-7.845,-18.33583333,330853.5728,5.519635829
1,B05,,8_10,DI72,neg_ctrl,35.845,45,-9.155,-19.64583333,820323.4435,5.913985123
1,A05,,4_9,DI73,neg_ctrl,33.97,12.55666667,21.41333333,10.9225,0.000515228,-3.288000128
1,A06,,8_1,DI73,neg_ctrl,45,45,0,-10.49083333,1438.982502,3.158055513
1,A06,,8_10,DI73,neg_ctrl,45,30.105,14.895,4.404166667,0.047229541,-1.325786273
1,A04,,3_23,TBSV,neg_ctrl,41.63,32.38,9.25,-1.240833333,2.363350053,0.373528053
1,A04,,4_9,TBSV,neg_ctrl,37.81666667,31.26333333,6.553333333,-3.9375,15.32165249,1.185305608
1,A04,,8_1,TBSV,neg_ctrl,45,27.04,17.96,7.469166667,0.005643607,-2.248443209
1,B04,,8_10,TBSV,neg_ctrl,36.51,28.31,8.2,-2.290833333,4.893386826,0.689609548
1,H11,30,8_10,DI72,neg_plt,27.675,13.33,14.345,-23.96125,16332587.13,7.213054984
1,G12,30,8_10,DI73,neg_plt,34.97,11.595,23.375,-14.93125,31243.10028,4.494754123
1,G10,30,8_10,TBSV,neg_plt,30.03,11.31,18.72,-19.58625,787134.146,5.896048753
1,A02,,3_23,DI72,pos_ctrl,25.63666667,23.70333333,1.933333333,5.02375,0.030739766,-1.512299441
1,A02,,4_9,DI72,pos_ctrl,25.35333333,22.51,2.843333333,5.93375,0.016359245,-1.786236737
1,A02,,8_1,DI72,pos_ctrl,12.83,34.33,-21.5,-18.40958333,348206.4336,5.541836791
1,B02,,8_10,DI72,pos_ctrl,13.475,41.565,-28.09,-24.99958333,33544742.5,7.525624462
1,A03,,3_23,DI73,pos_ctrl,28.05666667,22.94666667,5.11,8.200416667,0.003399606,-2.468571394
1,A03,,4_9,DI73,pos_ctrl,30.04333333,22.78666667,7.256666667,10.34708333,0.000767746,-3.114782451
1,A03,,8_1,DI73,pos_ctrl,12.99,29.45,-16.46,-13.36958333,10583.8972,4.024645613
1,A03,,8_10,DI73,pos_ctrl,11.75,27.23,-15.48,-12.38958333,5365.821448,3.729636217
1,A01,,3_23,TBSV,pos_ctrl,33.72,24.71666667,9.003333333,12.09375,0.00022878,-3.64058151
1,A01,,4_9,TBSV,pos_ctrl,33.69666667,23.66666667,10.03,13.12041667,0.000112295,-3.949638972
1,A01,,8_1,TBSV,pos_ctrl,9.485,26.56,-17.075,-13.98458333,16209.85239,4.20977906
1,A01,,8_10,TBSV,pos_ctrl,9.795,24.115,-14.32,-11.22958333,2401.272361,3.380441422
1,D07,15,3_23,DI72,TBSV,45,20.68,24.32,-6.1775,72.37903661,1.859612798
1,B10,22,3_23,DI72,TBSV,20.53,15.085,5.445,-25.0525,34797974.57,7.541553966
1,D12,26,3_23,DI72,TBSV,45,16.18,28.82,-1.6775,3.198731725,0.504977818
1,A07,30,3_23,DI72,TBSV,16.315,13.155,3.16,-27.3375,169592837.5,8.229407506
1,D10,31,3_23,DI72,TBSV,45,18.045,26.955,-3.5425,11.65195395,1.06639876
1,C12,2,4_9,DI72,TBSV,45,20.27,24.73,-5.7675,54.47415472,1.7361905
1,B07,12,4_9,DI72,TBSV,27.005,18.095,8.91,-21.5875,3151265.765,6.498485031
1,D07,20,4_9,DI72,TBSV,45,16.23,28.77,-1.7275,3.311534756,0.520029318
1,D10,27,4_9,DI72,TBSV,13.98,16.92,-2.94,-33.4375,11632966569,10.06569048
1,B10,33,4_9,DI72,TBSV,11.81,13.26,-1.45,-31.9475,4141482080,9.617155786
1,A11,14,8_1,DI72,TBSV,16.005,17.055,-1.05,-31.5475,3138656499,9.496743788
1,D02,18,8_1,DI72,TBSV,16.455,13.99,2.465,-28.0325,274551204.6,8.438623353
1,D05,26,8_1,DI72,TBSV,19.845,19.195,0.65,-29.8475,966034853.5,8.984992796
1,C08,43,8_1,DI72,TBSV,17.4,14.72,2.68,-27.8175,236538535.9,8.373901904
1,A08,51,8_1,DI72,TBSV,16.525,14.73,1.795,-28.7025,436830999.8,8.640313451
1,B08,5,8_10,DI72,TBSV,45,15.605,29.395,-1.1025,2.147264629,0.33188557
1,D08,22,8_10,DI72,TBSV,16.12,16.665,-0.545,-31.0425,2211686874,9.34472364
1,D02,43,8_10,DI72,TBSV,28.715,18.09,10.625,-19.8725,959883.638,5.982218589
1,D05,50,8_10,DI72,TBSV,12.535,12.445,0.09,-30.4075,1424195447,9.153569593
1,A11,51,8_10,DI72,TBSV,45,13.88,31.12,0.6225,0.649544377,-0.187391172
1,D08,15,3_23,DI73,TBSV,32.795,17.975,14.82,-27.6725,213920573.9,8.330252555
1,A11,22,3_23,DI73,TBSV,28.795,13.225,15.57,-26.9225,127197934.3,8.104480058
1,E12,26,3_23,DI73,TBSV,34.29,14.915,19.375,-23.1175,9100409.283,6.959060925
1,B08,30,3_23,DI73,TBSV,40.25,11.875,28.375,-14.1175,17774.23688,4.249790964
1,D11,31,3_23,DI73,TBSV,32.395,17.195,15.2,-27.2925,164384610.4,8.215861157
1,E12,2,4_9,DI73,TBSV,45,20.72,24.28,-18.2125,303744.7611,5.482508796
1,A08,12,4_9,DI73,TBSV,45,18.75,26.25,-16.2425,77531.77104,4.889479705
1,D08,20,4_9,DI73,TBSV,30.145,15.675,14.47,-28.0225,272654740.9,8.435613053
1,C11,27,4_9,DI73,TBSV,24.185,16.325,7.86,-34.6325,26633075782,10.42542132
1,B11,33,4_9,DI73,TBSV,27.12,13.195,13.925,-28.5675,397808813.9,8.599674401
1,A12,14,8_1,DI73,TBSV,27.26,18.99,8.27,-34.2225,20044675347,10.30199903
1,D03,18,8_1,DI73,TBSV,27.395,15.235,12.16,-30.3325,1352048727,9.130992343
1,C06,26,8_1,DI73,TBSV,30.515,19.87,10.645,-31.8475,3864139414,9.587052787
1,D09,43,8_1,DI73,TBSV,26.925,17.905,9.02,-33.4725,11918635270,10.07622653
1,A09,51,8_1,DI73,TBSV,29.425,16.095,13.33,-29.1625,600879307.6,8.778787249
1,B09,5,8_10,DI73,TBSV,45,12.965,32.035,-10.4575,1406.116096,3.14802118
1,D09,22,8_10,DI73,TBSV,36.395,25.565,10.83,-31.6625,3399086665,9.531362238
1,D03,43,8_10,DI73,TBSV,45,16.215,28.785,-13.7075,13377.30613,4.126368666
1,D06,50,8_10,DI73,TBSV,28.195,11.065,17.13,-25.3625,43139317.01,7.634873265
1,B12,51,8_10,DI73,TBSV,45,11.595,33.405,-9.0875,544.0140117,2.735610086
1,D06,15,3_23,TBSV,TBSV,12.095,19.95,-7.855,-46.16125,7.86902E+13,13.89592089
1,B09,22,3_23,TBSV,TBSV,11.93,14.395,-2.465,-40.77125,1.87659E+12,12.27336921
1,A12,26,3_23,TBSV,TBSV,12.715,16.59,-3.875,-42.18125,4.98679E+12,12.6978215
1,A06,30,3_23,TBSV,TBSV,19.355,12.16,7.195,-31.11125,2319633930,9.365419453
1,C09,31,3_23,TBSV,TBSV,11.67,20.815,-9.145,-47.45125,1.9242E+14,14.28424958
1,B12,2,4_9,TBSV,TBSV,14.15,20.88,-6.73,-45.03625,3.60796E+13,13.55726214
1,B06,12,4_9,TBSV,TBSV,13.13,19.605,-6.475,-44.78125,3.02343E+13,13.48049949
1,D06,20,4_9,TBSV,TBSV,11.935,17.065,-5.13,-43.43625,1.19018E+13,13.07561415
1,C09,27,4_9,TBSV,TBSV,12.91,16.69,-3.78,-42.08625,4.669E+12,12.66922366
1,A09,33,4_9,TBSV,TBSV,14.815,13.615,1.2,-37.10625,1.47943E+11,11.17009428
1,A10,14,8_1,TBSV,TBSV,13.38,17.835,-4.455,-42.76125,7.45451E+12,12.8724189
1,D01,18,8_1,TBSV,TBSV,13.72,14.945,-1.225,-39.53125,7.94497E+11,11.90009202
1,D04,26,8_1,TBSV,TBSV,12.425,18.53,-6.105,-44.41125,2.33947E+13,13.36911839
1,D07,43,8_1,TBSV,TBSV,12.595,16.81,-4.215,-42.52125,6.31207E+12,12.8001717
1,A07,51,8_1,TBSV,TBSV,14.11,15.935,-1.825,-40.13125,1.20423E+12,12.08071001
1,A07,5,8_10,TBSV,TBSV,12.03,12.33,-0.3,-38.60625,4.18446E+11,11.62163927
1,D07,22,8_10,TBSV,TBSV,14.315,15.735,-1.42,-39.72625,9.09479E+11,11.95879287
1,C01,43,8_10,TBSV,TBSV,11.445,14.8,-3.355,-41.66125,3.47765E+12,12.54128591
1,D04,50,8_10,TBSV,TBSV,14.865,10.475,4.39,-33.91625,16210954635,10.20980859
1,B10,51,8_10,TBSV,TBSV,11.63,11.805,-0.175,-38.48125,3.83717E+11,11.58401052
1,H09,9,3_23,DI72,TBSV_DI72,20.69,13.955,6.735,-23.7625,14230667.52,7.153225272
1,G02,25,3_23,DI72,TBSV_DI72,13.225,13.93,-0.705,-31.2025,2471089297,9.39288844
1,H06,27,3_23,DI72,TBSV_DI72,45,14.375,30.625,0.1275,0.915416372,-0.038381324
1,E02,28,3_23,DI72,TBSV_DI72,18.245,20.715,-2.47,-32.9675,8398590030,9.924206382
1,E05,32,3_23,DI72,TBSV_DI72,14.43,19.17,-4.74,-35.2375,40508342398,10.60754447
1,E02,5,8_1,DI72,TBSV_DI72,16.145,15.67,0.475,-30.0225,1090618963,9.037673045
1,E11,10,8_1,DI72,TBSV_DI72,17.515,18.335,-0.82,-31.3175,2676128044,9.427506889
1,D11,11,8_1,DI72,TBSV_DI72,17.365,16.89,0.475,-30.0225,1090618963,9.037673045
1,E05,13,8_1,DI72,TBSV_DI72,16.265,16.855,-0.59,-31.0875,2281760145,9.35826999
1,F08,39,8_1,DI72,TBSV_DI72,14.675,11.815,2.86,-27.6375,208793274.4,8.319716505
1,D11,12,8_10,DI72,TBSV_DI72,16.21,15.125,1.085,-29.4125,714569947.9,8.854044747
1,E08,17,8_10,DI72,TBSV_DI72,16.285,18,-1.715,-32.2125,4976554165,9.696928735
1,E11,27,8_10,DI72,TBSV_DI72,16.525,12.835,3.69,-26.8075,117452322.5,8.069861609
1,E02,47,8_10,DI72,TBSV_DI72,16.68,16.35,0.33,-30.1675,1205930819,9.081322394
1,F05,54,8_10,DI72,TBSV_DI72,34.59,19.145,15.445,-15.0525,33982.39704,4.53125401
1,G10,9,3_23,DI73,TBSV_DI72,32.1,12.325,19.775,-22.7175,6896820.556,6.838648926
1,H03,25,3_23,DI73,TBSV_DI72,27.715,13.03,14.685,-27.8075,234904644.9,8.370891604
1,H07,27,3_23,DI73,TBSV_DI72,36.57,13.02,23.55,-18.9425,503802.9346,5.702260693
1,F03,28,3_23,DI73,TBSV_DI72,26.525,17.82,8.705,-33.7875,14826921168,10.17105098
1,H04,32,3_23,DI73,TBSV_DI72,24.755,18.435,6.32,-36.1725,77447520478,10.88900752
1,E03,5,8_1,DI73,TBSV_DI72,30.195,17.68,12.515,-29.9775,1057125855,9.024126695
1,E12,10,8_1,DI73,TBSV_DI72,31.33,18.7,12.63,-29.8625,976131315.1,8.989508246
1,C12,11,8_1,DI73,TBSV_DI72,28.95,16.94,12.01,-30.4825,1500191992,9.176146843
1,E06,13,8_1,DI73,TBSV_DI72,33.41,17.215,16.195,-26.2975,82477656.21,7.916336311
1,E09,39,8_1,DI73,TBSV_DI72,32.085,12.455,19.63,-22.8625,7626025.899,6.882298276
1,D12,12,8_10,DI73,TBSV_DI72,26.81,14.045,12.765,-29.7275,888933342.3,8.948869196
1,E09,17,8_10,DI73,TBSV_DI72,26.2,16.365,9.835,-32.6575,6774653437,9.830887083
1,F12,27,8_10,DI73,TBSV_DI72,39.945,10.9,29.045,-13.4475,11171.22674,4.048100867
1,E03,47,8_10,DI73,TBSV_DI72,29.71,14.92,14.79,-27.7025,218415499.9,8.339283455
1,E06,54,8_10,DI73,TBSV_DI72,45,16.32,28.68,-13.8125,14387.2177,4.157976815
1,H08,9,3_23,TBSV,TBSV_DI72,13.125,14.195,-1.07,-39.37625,7.13563E+11,11.85343237
1,G01,25,3_23,TBSV,TBSV_DI72,14.995,15.22,-0.225,-38.53125,3.97248E+11,11.59906202
1,G05,27,3_23,TBSV,TBSV_DI72,12.485,15.115,-2.63,-40.93625,2.10397E+12,12.32303916
1,E01,28,3_23,TBSV,TBSV_DI72,13.795,22.265,-8.47,-46.77625,1.20519E+14,14.08105433
1,F04,32,3_23,TBSV,TBSV_DI72,12.79,20.845,-8.055,-46.36125,9.03914E+13,13.95612689
1,F01,5,8_1,TBSV,TBSV_DI72,15.955,15.585,0.37,-37.93625,2.62996E+11,11.41994917
1,F10,10,8_1,TBSV,TBSV_DI72,15.855,17.24,-1.385,-39.69125,8.87681E+11,11.94825682
1,C10,11,8_1,TBSV,TBSV_DI72,14.925,16.215,-1.29,-39.59625,8.31111E+11,11.91965897
1,F04,13,8_1,TBSV,TBSV_DI72,17.915,17.605,0.31,-37.99625,2.74164E+11,11.43801097
1,F07,39,8_1,TBSV,TBSV_DI72,14.39,12.49,1.9,-36.40625,91069568669,10.95937328
1,D10,12,8_10,TBSV,TBSV_DI72,12.315,13.985,-1.67,-39.97625,1.08156E+12,12.03405036
1,F07,17,8_10,TBSV,TBSV_DI72,12.125,15.105,-2.98,-41.28625,2.68163E+12,12.42839966
1,F10,27,8_10,TBSV,TBSV_DI72,20.455,10.54,9.915,-28.39125,352060956.4,8.546617864
1,E01,47,8_10,TBSV,TBSV_DI72,16.01,14.365,1.645,-36.66125,1.08677E+11,11.03613593
1,E04,54,8_10,TBSV,TBSV_DI72,12.065,15.53,-3.465,-41.77125,3.75318E+12,12.57439921
1,E02,7,4_9,DI72,TBSV_DI73,45,17.56,27.44,-3.0575,8.325286957,0.920399212
1,F05,18,4_9,DI72,TBSV_DI73,45,17.75,27.25,-3.2475,9.497185285,0.977594911
1,H02,23,4_9,DI72,TBSV_DI73,29.825,19.895,9.93,-20.5675,1553940.679,6.191434436
1,G06,26,4_9,DI72,TBSV_DI73,13.21,13.375,-0.165,-30.6625,1699543332,9.230332242
1,H09,31,4_9,DI72,TBSV_DI73,45,17.735,27.265,-3.2325,9.398952634,0.973079461
1,B05,4,8_1,DI72,TBSV_DI73,15.635,16.335,-0.7,-31.1975,2462539978,9.39138329
1,A08,8,8_1,DI72,TBSV_DI73,15.055,17.71,-2.655,-33.1525,9547659697,9.979896931
1,H08,16,8_1,DI72,TBSV_DI73,17.865,18.91,-1.045,-31.5425,3127797572,9.495238638
1,H02,30,8_1,DI72,TBSV_DI73,16.76,26.275,-9.515,-40.0125,1.10908E+12,12.0449627
1,H05,30,8_1,DI72,TBSV_DI73,15.49,16.525,-1.035,-31.5325,3106192296,9.492228338
1,B02,35,8_1,DI72,TBSV_DI73,9.385,11.01,-1.625,-32.1225,4675585851,9.669836036
1,H08,2,8_10,DI72,TBSV_DI73,45,22.97,22.03,-8.4675,353.9741017,2.548971488
1,A11,3,8_10,DI72,TBSV_DI73,17.5,15.76,1.74,-28.7575,453805860.7,8.6568701
1,H05,14,8_10,DI72,TBSV_DI73,21.27,18.575,2.695,-27.8025,234091936.6,8.369386454
1,A08,38,8_10,DI72,TBSV_DI73,17.205,19.01,-1.805,-32.3025,5296895865,9.724021435
1,H02,41,8_10,DI72,TBSV_DI73,45,18.28,26.72,-3.7775,13.71326311,1.137140809
1,E03,7,4_9,DI73,TBSV_DI73,45,17.095,27.905,-14.5875,24619.26379,4.391275062
1,H04,18,4_9,DI73,TBSV_DI73,28.27,16.37,11.9,-30.5925,1619049558,9.209260142
1,G03,23,4_9,DI73,TBSV_DI73,30.62,19.195,11.425,-31.0675,2250346479,9.35224939
1,G07,26,4_9,DI73,TBSV_DI73,25.04,12.82,12.22,-30.2725,1296971831,9.112930544
1,G10,31,4_9,DI73,TBSV_DI73,45,17.165,27.835,-14.6575,25843.25194,4.412347161
1,B06,4,8_1,DI73,TBSV_DI73,26.335,17.99,8.345,-34.1475,19029254608,10.27942178
1,A09,8,8_1,DI73,TBSV_DI73,25.685,45,-19.315,-61.8075,4.03563E+18,18.60591146
1,G09,16,8_1,DI73,TBSV_DI73,30.11,20.04,10.07,-32.4225,5756321399,9.760145034
1,G03,30,8_1,DI73,TBSV_DI73,24.45,18.04,6.41,-36.0825,72763707359,10.86191482
1,H06,30,8_1,DI73,TBSV_DI73,24.55,20.235,4.315,-38.1775,3.10866E+11,11.49257266
1,B03,35,8_1,DI73,TBSV_DI73,23.65,8.26,15.39,-27.1025,144100490,8.158665457
1,B01,35,8_1,DI73,TBSV_DI73,16.87,11.705,5.165,-37.3275,1.72463E+11,11.23669716
1,H09,2,8_10,DI73,TBSV_DI73,17.24,17.475,-0.235,-42.7275,7.28214E+12,12.86225914
1,B12,3,8_10,DI73,TBSV_DI73,26.5,14.46,12.04,-30.4525,1469318487,9.167115943
1,H06,14,8_10,DI73,TBSV_DI73,25.345,17.785,7.56,-34.9325,32789162459,10.51573032
1,B09,38,8_10,DI73,TBSV_DI73,25.38,18.91,6.47,-36.0225,69799613658,10.84385302
1,H03,41,8_10,DI73,TBSV_DI73,33.37,15.915,17.455,-25.0375,34438047.16,7.537038516
1,E01,7,4_9,TBSV,TBSV_DI73,13.03,17.095,-4.065,-42.37125,5.68875E+12,12.7550172
1,E04,18,4_9,TBSV,TBSV_DI73,11.815,16.805,-4.99,-43.29625,1.08011E+13,13.03346995
1,G01,23,4_9,TBSV,TBSV_DI73,11.95,18.83,-6.88,-45.18625,4.00329E+13,13.60241664
1,G05,26,4_9,TBSV,TBSV_DI73,13.12,14.26,-1.14,-39.44625,7.49039E+11,11.87450447
1,H08,31,4_9,TBSV,TBSV_DI73,11.77,18.935,-7.165,-45.47125,4.87765E+13,13.68821019
1,B04,4,8_1,TBSV,TBSV_DI73,12.21,15.875,-3.665,-41.97125,4.31127E+12,12.63460521
1,B07,8,8_1,TBSV,TBSV_DI73,13.155,18.085,-4.93,-43.23625,1.03612E+13,13.01540815
1,G07,16,8_1,TBSV,TBSV_DI73,15.14,17.695,-2.555,-40.86125,1.99739E+12,12.30046191
1,H04,30,8_1,TBSV,TBSV_DI73,12.985,16.59,-3.605,-41.91125,4.13565E+12,12.61654341
1,G01,30,8_1,TBSV,TBSV_DI73,14.21,17.165,-2.955,-41.26125,2.63557E+12,12.42087391
1,G07,2,8_10,TBSV,TBSV_DI73,11.28,16.885,-5.605,-43.91125,1.65426E+13,13.2186034
1,B10,3,8_10,TBSV,TBSV_DI73,15.045,16.015,-0.97,-39.27625,6.65778E+11,11.82332937
1,G04,14,8_10,TBSV,TBSV_DI73,11.38,15.495,-4.115,-42.42125,5.88937E+12,12.7700687
1,B07,38,8_10,TBSV,TBSV_DI73,12.775,19.97,-7.195,-45.50125,4.98013E+13,13.69724109
1,G01,41,8_10,TBSV,TBSV_DI73,12.135,14.855,-2.72,-41.02625,2.2394E+12,12.35013186
2,A05,,3_23,DI72,neg_ctrl,31.69666667,12.27666667,19.42,8.929166667,0.002051412,-2.687947003
2,A05,,8_1,DI72,neg_ctrl,35.905,45,-9.095,-19.58583333,786906.8456,5.895923323
2,A05,,8_10,DI72,neg_ctrl,37.02,45,-7.98,-18.47083333,363307.9307,5.560274878
2,A05,,4_9,DI73,neg_ctrl,32.19,11.69333333,20.49666667,10.00583333,0.000972622,-3.012055965
2,A06,,8_1,DI73,neg_ctrl,45,41.865,3.135,-7.355833333,163.8047444,2.214326476
2,A06,,8_10,DI73,neg_ctrl,45,40.215,4.785,-5.705833333,52.19476945,1.717626984
2,A04,,3_23,TBSV,neg_ctrl,38.97,35.265,3.705,-6.785833333,110.3416259,2.042739379
2,A04,,4_9,TBSV,neg_ctrl,37.83666667,27.26666667,10.57,0.079166667,0.946604269,-0.023831541
2,A04,,8_1,TBSV,neg_ctrl,30.9,25.88,5.02,-5.470833333,44.34911263,1.646884935
2,A04,,8_10,TBSV,neg_ctrl,45,33.37,11.63,1.139166667,0.454021755,-0.342923337
2,G11,37,8_10,DI72,neg_plt,28.795,15.045,13.75,-24.55625,24669925.1,7.392167831
2,H12,37,8_10,DI73,neg_plt,45,13.785,31.215,-7.09125,136.3574769,2.134678957
2,H10,37,8_10,TBSV,neg_plt,40.325,12.78,27.545,-10.76125,1735.637564,3.239459041
2,A02,,3_23,DI72,pos_ctrl,25.15666667,20.68666667,4.47,7.560416667,0.005297705,-2.275912196
2,A02,,4_9,DI72,pos_ctrl,26.53,21.79333333,4.736666667,7.827083333,0.004403653,-2.356186862
2,A02,,8_1,DI72,pos_ctrl,10.39,23.275,-12.885,-9.794583333,888.1030844,2.948463378
2,B02,,8_10,DI72,pos_ctrl,10.315,45,-34.685,-31.59458333,3242778492,9.510917284
2,A03,,3_23,DI73,pos_ctrl,30.01333333,22.51666667,7.496666667,10.58708333,0.000650085,-3.18702965
2,A03,,4_9,DI73,pos_ctrl,30.58666667,20.34666667,10.24,13.33041667,9.70833E-05,-4.012855271
2,A03,,8_1,DI73,pos_ctrl,12.57,29.71,-17.14,-14.04958333,16956.88247,4.22934601
2,A03,,8_10,DI73,pos_ctrl,11.86,22.505,-10.645,-7.554583333,187.9992809,2.274156188
2,A01,,3_23,TBSV,pos_ctrl,33.76,25.78333333,7.976666667,11.06708333,0.000466097,-3.331524048
2,A01,,4_9,TBSV,pos_ctrl,33.68333333,23.99666667,9.686666667,12.77708333,0.000142467,-3.84628534
2,A01,,8_1,TBSV,pos_ctrl,9.07,22.595,-13.525,-10.43458333,1383.956933,3.141122576
2,A01,,8_10,TBSV,pos_ctrl,10.525,37.62,-27.095,-24.00458333,16830600.7,7.226099617
2,B10,2,3_23,DI72,TBSV,18.61,18.51,0.1,-30.3975,1414357811,9.150559293
2,C10,3,3_23,DI72,TBSV,15.74,17.775,-2.035,-32.5325,6212384593,9.793258334
2,B07,10,3_23,DI72,TBSV,15.68,16.73,-1.05,-31.5475,3138656499,9.496743788
2,D07,12,3_23,DI72,TBSV,15.73,17.175,-1.445,-31.9425,4127153640,9.615650636
2,C12,13,3_23,DI72,TBSV,30.04,18.035,12.005,-18.4925,368805.335,5.566797195
2,C12,8,4_9,DI72,TBSV,15.43,13.115,2.315,-28.1825,304633635.1,8.483777853
2,A10,16,4_9,DI72,TBSV,15.735,14.23,1.505,-28.9925,534087174.9,8.727612149
2,D07,17,4_9,DI72,TBSV,19.8,17.97,1.83,-28.6675,426360929.9,8.629777401
2,B07,25,4_9,DI72,TBSV,23.52,18.115,5.405,-25.0925,35776278.79,7.553595166
2,C10,29,4_9,DI72,TBSV,19,14.32,4.68,-25.8175,59134633.98,7.771841913
2,D02,19,8_1,DI72,TBSV,16.125,14.97,1.155,-29.3425,680726484.6,8.832972648
2,B08,32,8_1,DI72,TBSV,17.775,17.15,0.625,-29.8725,982920845.3,8.992518545
2,C05,36,8_1,DI72,TBSV,15.385,17.165,-1.78,-32.2775,5205898364,9.716495685
2,A11,46,8_1,DI72,TBSV,25.02,14.685,10.335,-20.1625,1173592.398,6.069517288
2,D08,48,8_1,DI72,TBSV,17.115,16.75,0.365,-30.1325,1177026781,9.070786344
2,A08,10,8_10,DI72,TBSV,14.365,45,-30.635,-61.1325,2.52765E+18,18.40271621
2,D08,19,8_10,DI72,TBSV,26.47,21.205,5.265,-25.2325,39422064.63,7.595739366
2,A11,26,8_10,DI72,TBSV,14.58,17.29,-2.71,-33.2075,9918673192,9.996453581
2,D05,42,8_10,DI72,TBSV,25.625,29.87,-4.245,-34.7425,28743167409,10.45853462
2,C02,53,8_10,DI72,TBSV,26.83,30.38,-3.55,-34.0475,17754922354,10.24931878
2,A11,2,3_23,DI73,TBSV,27.275,17.94,9.335,-33.1575,9580806770,9.981402081
2,C11,3,3_23,DI73,TBSV,25.92,17.56,8.36,-34.1325,18832428489,10.27490633
2,B08,10,3_23,DI73,TBSV,27.205,16.46,10.745,-31.7475,3605369557,9.556949787
2,C08,12,3_23,DI73,TBSV,24.655,16.355,8.3,-34.1925,19632161894,10.29296813
2,E12,13,3_23,DI73,TBSV,41.78,17.53,24.25,-18.2425,310127.0842,5.491539696
2,E12,8,4_9,DI73,TBSV,32.6,13.895,18.705,-23.7875,14479415.2,7.160751022
2,B11,16,4_9,DI73,TBSV,33.18,15.41,17.77,-24.7225,27683058.33,7.442214068
2,C08,17,4_9,DI73,TBSV,24.63,18.555,6.075,-36.4175,91782496645,10.96275987
2,A08,25,4_9,DI73,TBSV,27.89,18.46,9.43,-33.0625,8970243487,9.952804232
2,D11,29,4_9,DI73,TBSV,29.06,16.14,12.92,-29.5725,798379812,8.902209547
2,C03,19,8_1,DI73,TBSV,40.05,16.56,23.49,-19.0025,525197.3095,5.720322493
2,B09,32,8_1,DI73,TBSV,45,19.055,25.945,-16.5475,95784.19491,4.981293853
2,C06,36,8_1,DI73,TBSV,28.76,12.11,16.65,-25.8425,60168289.18,7.779367663
2,A12,46,8_1,DI73,TBSV,45,19.215,25.785,-16.7075,107018.449,5.029458653
2,C09,48,8_1,DI73,TBSV,29.075,18.095,10.98,-31.5125,3063428429,9.486207738
2,A09,10,8_10,DI73,TBSV,27.84,18.945,8.895,-33.5975,12997363925,10.11385528
2,C09,19,8_10,DI73,TBSV,28.715,16.51,12.205,-30.2875,1310527063,9.117445994
2,A12,26,8_10,DI73,TBSV,37.79,10.695,27.095,-15.3975,43162.77499,4.635109358
2,C06,42,8_10,DI73,TBSV,29.975,17.175,12.8,-29.6925,867627175.3,8.938333146
2,C03,53,8_10,DI73,TBSV,29.5,19.37,10.13,-32.3625,5521832578,9.742083235
2,B09,2,3_23,TBSV,TBSV,12.455,17.835,-5.38,-43.68625,1.41538E+13,13.15087165
2,D09,3,3_23,TBSV,TBSV,13.385,20.705,-7.32,-45.62625,5.43088E+13,13.73486984
2,A06,10,3_23,TBSV,TBSV,14.045,17.97,-3.925,-42.23125,5.16265E+12,12.712873
2,D06,12,3_23,TBSV,TBSV,12.49,17.01,-4.52,-42.82625,7.79805E+12,12.89198585
2,B12,13,3_23,TBSV,TBSV,12.135,18.265,-6.13,-44.43625,2.38037E+13,13.37664414
2,B12,8,4_9,TBSV,TBSV,17.955,15.245,2.71,-35.59625,51944429779,10.71553898
2,A09,16,4_9,TBSV,TBSV,19.005,16.11,2.895,-35.41125,45692869654,10.65984843
2,C06,17,4_9,TBSV,TBSV,12.805,19.405,-6.6,-44.90625,3.29707E+13,13.51812824
2,B06,25,4_9,TBSV,TBSV,14.105,18.19,-4.085,-42.39125,5.76817E+12,12.7610378
2,C09,29,4_9,TBSV,TBSV,13.115,15.52,-2.405,-40.71125,1.80014E+12,12.25530741
2,D01,19,8_1,TBSV,TBSV,19.065,15.37,3.695,-34.61125,26243662103,10.41902444
2,A07,32,8_1,TBSV,TBSV,14.2,16.56,-2.36,-40.66625,1.74486E+12,12.24176106
2,C04,36,8_1,TBSV,TBSV,14.815,17.485,-2.67,-40.97625,2.16312E+12,12.33508036
2,B10,46,8_1,TBSV,TBSV,12.86,15.865,-3.005,-41.31125,2.72851E+12,12.43592541
2,C07,48,8_1,TBSV,TBSV,15.865,18.54,-2.675,-40.98125,2.17063E+12,12.33658551
2,B07,10,8_10,TBSV,TBSV,13.71,17.665,-3.955,-42.26125,5.27113E+12,12.7219039
2,C07,19,8_10,TBSV,TBSV,10.455,16.405,-5.95,-44.25625,2.10116E+13,13.32245875
2,B10,26,8_10,TBSV,TBSV,17.185,15.22,1.965,-36.34125,87057527745,10.93980633
2,D04,42,8_10,TBSV,TBSV,12.965,18.85,-5.885,-44.19125,2.00859E+13,13.3028918
2,C01,53,8_10,TBSV,TBSV,13.145,18.26,-5.115,-43.42125,1.17787E+13,13.0710987
2,F02,11,3_23,DI72,TBSV_DI72,14.705,16.875,-2.17,-32.6675,6821774878,9.833897383
2,H06,21,3_23,DI72,TBSV_DI72,17.845,17.47,0.375,-30.1225,1168896463,9.067776044
2,G02,23,3_23,DI72,TBSV_DI72,17.615,15.67,1.945,-28.5525,393694140.6,8.595158951
2,F05,24,3_23,DI72,TBSV_DI72,13.255,16.19,-2.935,-33.4325,11592719562,10.06418533
2,G09,33,3_23,DI72,TBSV_DI72,14.87,16.365,-1.495,-31.9925,4272697399,9.630702136
2,E02,7,8_1,DI72,TBSV_DI72,15.745,15.63,0.115,-30.3825,1399728622,9.146043843
2,C11,17,8_1,DI72,TBSV_DI72,16.235,17.09,-0.855,-31.3525,2741845247,9.438042939
2,E05,23,8_1,DI72,TBSV_DI72,16.145,14.06,2.085,-28.4125,357284973.9,8.553014752
2,F08,38,8_1,DI72,TBSV_DI72,17.245,14.585,2.66,-27.8375,239840490.8,8.379922504
2,E11,41,8_1,DI72,TBSV_DI72,16.005,13.705,2.3,-28.1975,307817497.2,8.488293303
2,E11,31,8_10,DI72,TBSV_DI72,15.86,13.99,1.87,-28.6275,414702067.8,8.617736201
2,F02,39,8_10,DI72,TBSV_DI72,14.93,16.415,-1.485,-31.9825,4243183722,9.627691836
2,E08,44,8_10,DI72,TBSV_DI72,15.525,12.125,3.4,-27.0975,143601940.1,8.157160308
2,F05,49,8_10,DI72,TBSV_DI72,15.16,12.57,2.59,-27.9075,251764564.6,8.400994604
2,D11,52,8_10,DI72,TBSV_DI72,15.28,21.535,-6.255,-48.7475,4.72563E+14,14.67445971
2,E03,11,3_23,DI73,TBSV_DI72,28.2,16.52,11.68,-30.8125,1885761398,9.275486741
2,G07,21,3_23,DI73,TBSV_DI72,26.86,17.015,9.845,-32.6475,6727857487,9.827876783
2,H03,23,3_23,DI73,TBSV_DI72,26.68,15.505,11.175,-31.3175,2676128044,9.427506889
2,H04,24,3_23,DI73,TBSV_DI72,23.585,16.525,7.06,-35.4325,46370878249,10.66624532
2,G10,33,3_23,DI73,TBSV_DI72,26.55,16.68,9.87,-32.6225,6612276922,9.820351034
2,F03,7,8_1,DI73,TBSV_DI72,29.725,17.145,12.58,-29.9125,1010554512,9.004559745
2,D12,17,8_1,DI73,TBSV_DI72,31.31,18.175,13.135,-29.3575,687841061,8.837488098
2,F06,23,8_1,DI73,TBSV_DI72,45,15.51,29.49,-13.0025,8206.207961,3.914142519
2,F09,38,8_1,DI73,TBSV_DI72,39.165,16.775,22.39,-20.1025,1125785.078,6.051455488
2,F12,41,8_1,DI73,TBSV_DI72,34.19,17.255,16.935,-25.5575,49382618.46,7.693574114
2,F12,31,8_10,DI73,TBSV_DI72,34.23,12.83,21.4,-21.0925,2236017.425,6.349475184
2,E03,39,8_10,DI73,TBSV_DI72,25.88,18.075,7.805,-34.6875,27668013225,10.44197797
2,F09,44,8_10,DI73,TBSV_DI72,32.11,20.52,11.59,-30.9025,2007148203,9.302579441
2,F06,49,8_10,DI73,TBSV_DI72,28.715,18.43,10.285,-32.2075,4959336596,9.695423585
2,D12,52,8_10,DI73,TBSV_DI72,28.33,15.865,12.465,-30.0275,1094405318,9.039178195
2,E01,11,3_23,TBSV,TBSV_DI72,15.76,16.62,-0.86,-39.16625,6.16902E+11,11.79021607
2,G05,21,3_23,TBSV,TBSV_DI72,13.72,19.165,-5.445,-43.75125,1.4806E+13,13.1704386
2,H01,23,3_23,TBSV,TBSV_DI72,11.89,15.875,-3.985,-42.29125,5.38189E+12,12.7309348
2,F04,24,3_23,TBSV,TBSV_DI72,12.735,16.67,-3.935,-42.24125,5.19856E+12,12.7158833
2,G08,33,3_23,TBSV,TBSV_DI72,13.655,15.095,-1.44,-39.74625,9.22175E+11,11.96481347
2,E01,7,8_1,TBSV,TBSV_DI72,16.44,16.05,0.39,-37.91625,2.59375E+11,11.41392857
2,C10,17,8_1,TBSV,TBSV_DI72,18.16,16.97,1.19,-37.11625,1.48972E+11,11.17310458
2,F04,23,8_1,TBSV,TBSV_DI72,17.565,15.6,1.965,-36.34125,87057527745,10.93980633
2,F07,38,8_1,TBSV,TBSV_DI72,14.605,14.65,-0.045,-38.35125,3.50652E+11,11.54487662
2,F10,41,8_1,TBSV,TBSV_DI72,16.755,16.635,0.12,-38.18625,3.12757E+11,11.49520667
2,F10,31,8_10,TBSV,TBSV_DI72,20.61,11.7,8.91,-29.39625,706566446.9,8.84915301
2,F01,39,8_10,TBSV,TBSV_DI72,13.31,19.65,-6.34,-44.64625,2.75334E+13,13.43986044
2,E07,44,8_10,TBSV,TBSV_DI72,13.62,18.07,-4.45,-42.75625,7.42872E+12,12.87091375
2,F04,49,8_10,TBSV,TBSV_DI72,14.315,18.34,-4.025,-42.33125,5.5332E+12,12.742976
2,D10,52,8_10,TBSV,TBSV_DI72,13.765,16.25,-2.485,-40.79125,1.90279E+12,12.27938981
2,H09,3,4_9,DI72,TBSV_DI73,18.145,14.15,3.995,-26.5025,95070868.23,7.97804746
2,G02,14,4_9,DI72,TBSV_DI73,24.74,17.045,7.695,-22.8025,7315373.018,6.864236476
2,H06,21,4_9,DI72,TBSV_DI73,17.42,14.84,2.58,-27.9175,253515725.7,8.404004904
2,F02,22,4_9,DI72,TBSV_DI73,25.575,15.57,10.005,-20.4925,1475221.34,6.168857186
2,F05,30,4_9,DI72,TBSV_DI73,17.79,15.05,2.74,-27.7575,226902930.4,8.355840105
2,H05,15,8_1,DI72,TBSV_DI73,18.69,15.53,3.16,-27.3375,169592837.5,8.229407506
2,G02,20,8_1,DI72,TBSV_DI73,16.165,16.205,-0.04,-30.5375,1558488107,9.192703493
2,D02,24,8_1,DI72,TBSV_DI73,20.49,16.235,4.255,-26.2425,79392533.55,7.899779661
2,C05,34,8_1,DI72,TBSV_DI73,14.675,17.305,-2.63,-33.1275,9383636618,9.972371181
2,G08,37,8_1,DI72,TBSV_DI73,19.315,25.17,-5.855,-36.3525,87739047905,10.94319292
2,C02,8,8_10,DI72,TBSV_DI73,28.16,18.97,9.19,-21.3075,2595354.177,6.414196633
2,G08,16,8_10,DI72,TBSV_DI73,14.62,20.025,-5.405,-35.9025,64228742507,10.80772942
2,H02,25,8_10,DI72,TBSV_DI73,20.685,19.245,1.44,-29.0575,558700550.1,8.747179099
2,G05,40,8_10,DI72,TBSV_DI73,15.605,20.805,-5.2,-35.6975,55720918952,10.74601827
2,D05,48,8_10,DI72,TBSV_DI73,26.37,15.98,10.39,-20.1075,1129693.521,6.052960638
2,H10,3,4_9,DI73,TBSV_DI73,19.56,15.6,3.96,-38.5325,3.97593E+11,11.59943831
2,G03,14,4_9,DI73,TBSV_DI73,25.41,18.54,6.87,-35.6225,52898215379,10.72344102
2,H07,21,4_9,DI73,TBSV_DI73,29.555,16.23,13.325,-29.1675,602965409.5,8.780292399
2,F03,22,4_9,DI73,TBSV_DI73,26.83,17.705,9.125,-33.3675,11082005984,10.04461838
2,G04,30,4_9,DI73,TBSV_DI73,26.965,16.56,10.405,-32.0875,4563520291,9.659299986
2,H06,15,8_1,DI73,TBSV_DI73,24.25,15.755,8.495,-33.9975,17150124519,10.23426728
2,H03,20,8_1,DI73,TBSV_DI73,29.08,18.06,11.02,-31.4725,2979658818,9.474166539
2,C03,24,8_1,DI73,TBSV_DI73,30.2,32.08,-1.88,-44.3725,2.27747E+13,13.35745348
2,C06,34,8_1,DI73,TBSV_DI73,26.99,19.335,7.655,-34.8375,30699582827,10.48713247
2,G09,37,8_1,DI73,TBSV_DI73,35.13,18.075,17.055,-25.4375,45441275.66,7.657450515
2,D03,8,8_10,DI73,TBSV_DI73,18.965,17.095,1.87,-40.6225,1.69274E+12,12.228591
2,G09,16,8_10,DI73,TBSV_DI73,24.905,16.845,8.06,-34.4325,23185439124,10.36521533
2,G03,25,8_10,DI73,TBSV_DI73,19.34,16.275,3.065,-39.4275,7.39367E+11,11.86886015
2,G06,40,8_10,DI73,TBSV_DI73,27.06,18.215,8.845,-33.6475,13455714974,10.12890678
2,D06,48,8_10,DI73,TBSV_DI73,18.475,15.99,2.485,-40.0075,1.10524E+12,12.04345755
2,G08,3,4_9,TBSV,TBSV_DI73,12.815,14.39,-1.575,-39.88125,1.01263E+12,12.00545251
2,G01,14,4_9,TBSV,TBSV_DI73,12.165,17.03,-4.865,-43.17125,9.9047E+12,12.9958412
2,H05,21,4_9,TBSV,TBSV_DI73,15.475,16.11,-0.635,-38.94125,5.27818E+11,11.72248432
2,F01,22,4_9,TBSV,TBSV_DI73,13.115,16.28,-3.165,-41.47125,3.04853E+12,12.48409021
2,F04,30,4_9,TBSV,TBSV_DI73,12.145,15.215,-3.07,-41.37625,2.85425E+12,12.45549236
2,G04,15,8_1,TBSV,TBSV_DI73,15.215,15.175,0.04,-38.26625,3.3059E+11,11.51928907
2,G01,20,8_1,TBSV,TBSV_DI73,16.235,17.775,-1.54,-39.84625,9.88363E+11,11.99491646
2,D01,24,8_1,TBSV,TBSV_DI73,12.565,17.105,-4.54,-42.84625,7.9069E+12,12.89800645
2,D04,34,8_1,TBSV,TBSV_DI73,13.03,18.055,-5.025,-43.33125,1.10664E+13,13.044006
2,H07,37,8_1,TBSV,TBSV_DI73,14.47,16.285,-1.815,-40.12125,1.19591E+12,12.07769971
2,D01,8,8_10,TBSV,TBSV_DI73,12.595,18.19,-5.595,-43.90125,1.64283E+13,13.2155931
2,H07,16,8_10,TBSV,TBSV_DI73,12.675,17.895,-5.22,-43.52625,1.2668E+13,13.10270685
2,G01,25,8_10,TBSV,TBSV_DI73,12.93,17.795,-4.865,-43.17125,9.9047E+12,12.9958412
2,H04,40,8_10,TBSV,TBSV_DI73,13.47,18.855,-5.385,-43.69125,1.42029E+13,13.1523768
2,D04,48,8_10,TBSV,TBSV_DI73,13.145,15.965,-2.82,-41.12625,2.40013E+12,12.38023486
3,A05,,3_23,DI72,neg_ctrl,31.86333333,13.48666667,18.37666667,7.885833333,0.004227928,-2.373872374
3,A05,,8_1,DI72,neg_ctrl,45,45,0,-10.49083333,1438.982502,3.158055513
3,B05,,8_10,DI72,neg_ctrl,35.095,45,-9.905,-20.39583333,1379614.086,6.13975762
3,F08,,4_9,DI73,neg_ctrl,33.98,15.30666667,18.67333333,8.1825,0.003442089,-2.46317794
3,A06,,8_1,DI73,neg_ctrl,45,30.3,14.7,4.209166667,0.054064797,-1.267085423
3,B06,,8_10,DI73,neg_ctrl,45,34.26,10.74,0.249166667,0.841382276,-0.075006641
3,A04,,3_23,TBSV,neg_ctrl,39.76666667,38.54,1.226666667,-9.264166667,614.8823848,2.788792051
3,F09,,4_9,TBSV,neg_ctrl,40.58666667,39.03,1.556666667,-8.934166667,489.1613703,2.689452153
3,A04,,8_1,TBSV,neg_ctrl,45,25.915,19.085,8.594166667,0.002587605,-2.587101954
3,A04,,8_10,TBSV,neg_ctrl,45,30.58,14.42,3.929166667,0.0656452,-1.182797025
3,H11,4,8_10,DI72,neg_plt,32.575,14.125,18.45,-19.85625,949132.5147,5.977326851
3,E02,4,8_10,DI72,neg_plt,32.945,18.14,14.805,-23.50125,11873566.41,7.074581186
3,H12,4,8_10,DI73,neg_plt,45,14.515,30.485,-7.82125,226.1678417,2.354430854
3,E03,4,8_10,DI73,neg_plt,45,17.215,27.785,-10.52125,1469.642971,3.167211842
3,G10,4,8_10,TBSV,neg_plt,45,16.265,28.735,-9.57125,760.7349093,2.881233346
3,E01,4,8_10,TBSV,neg_plt,37.87,17.9,19.97,-18.33625,330949.1409,5.519761258
3,A02,,3_23,DI72,pos_ctrl,25.50666667,23.30666667,2.2,5.290416667,0.025552059,-1.592574106
3,F11,,4_9,DI72,pos_ctrl,25.71,23.24,2.47,5.560416667,0.021190822,-1.673852205
3,A02,,8_1,DI72,pos_ctrl,10.205,30.91,-20.705,-17.61458333,200686.4009,5.302517944
3,A02,,8_10,DI72,pos_ctrl,9.93,45,-35.07,-31.97958333,4234614031,9.626813832
3,A03,,3_23,DI73,pos_ctrl,29.61333333,23.08333333,6.53,9.620416667,0.001270475,-2.896033987
3,F10,,4_9,DI73,pos_ctrl,33.72333333,23.88333333,9.84,12.93041667,0.000128102,-3.892443273
3,A03,,8_1,DI73,pos_ctrl,12.565,19.605,-7.04,-3.949583333,15.45051833,1.188943054
3,A03,,8_10,DI73,pos_ctrl,11.395,23.95,-12.555,-9.464583333,706.518405,2.84912348
3,A01,,3_23,TBSV,pos_ctrl,33.42666667,24.58666667,8.84,11.93041667,0.000256204,-3.591413277
3,F12,,4_9,TBSV,pos_ctrl,33.73333333,26.22,7.513333333,10.60375,0.000642618,-3.192046817
3,A01,,8_1,TBSV,pos_ctrl,9.345,21.92,-12.575,-9.484583333,716.3810343,2.85514408
3,A01,,8_10,TBSV,pos_ctrl,8.66,33.275,-24.615,-21.52458333,3016791.026,6.479545228
3,A10,5,3_23,DI72,TBSV,28.515,14.94,13.575,-16.9225,124216.7327,5.094180102
3,C12,6,3_23,DI72,TBSV,26.165,16.21,9.955,-20.5425,1527244.908,6.183908686
3,A07,16,3_23,DI72,TBSV,25.165,15.97,9.195,-21.3025,2586374.934,6.412691483
3,C10,19,3_23,DI72,TBSV,26.23,18.755,7.475,-23.0225,8520460.652,6.930463075
3,C07,20,3_23,DI72,TBSV,17.245,18.095,-0.85,-31.3475,2732359183,9.436537789
3,E03,5,4_9,DI72,TBSV,26.86,18.66,8.2,-22.2975,5154853.513,6.712216328
3,G06,11,4_9,DI72,TBSV,21.05,17.265,3.785,-26.7125,109967349.9,8.041263759
3,E01,19,4_9,DI72,TBSV,19.465,16.32,3.145,-27.3525,171365327.9,8.233922956
3,E06,24,4_9,DI72,TBSV,26.545,17.375,9.17,-21.3275,2631583.971,6.420217233
3,H03,28,4_9,DI72,TBSV,20.855,12.69,8.165,-22.3325,5281440.338,6.722752378
3,C02,9,8_1,DI72,TBSV,18.315,13.64,4.675,-25.8225,59339934.56,7.773347063
3,A08,12,8_1,DI72,TBSV,30.71,17.445,13.265,-17.2325,153992.44,5.1874994
3,C05,21,8_1,DI72,TBSV,16.29,17.29,-1,-31.4975,3031742336,9.481692288
3,D08,31,8_1,DI72,TBSV,19.085,18.415,0.67,-29.8275,952735166.2,8.978972196
3,A11,40,8_1,DI72,TBSV,18.1,16.305,1.795,-28.7025,436830999.8,8.640313451
3,C08,13,8_10,DI72,TBSV,15.96,45,-29.04,-59.5375,8.36707E+17,17.92257337
3,C05,23,8_10,DI72,TBSV,16,45,-29,-59.4975,8.13827E+17,17.91053217
3,B08,24,8_10,DI72,TBSV,16.27,11.34,4.93,-25.5675,49726101.73,7.696584414
3,D02,32,8_10,DI72,TBSV,27.39,45,-17.61,-48.1075,3.0325E+14,14.48180052
3,B11,46,8_10,DI72,TBSV,29.325,33.31,-3.985,-34.4825,24003071869,10.38026683
3,B11,5,3_23,DI73,TBSV,27.94,15.075,12.865,-29.6275,829404135.6,8.918766197
3,F12,6,3_23,DI73,TBSV,27.93,15.59,12.34,-30.1525,1193457462,9.076806944
3,B08,16,3_23,DI73,TBSV,26.615,15.595,11.02,-31.4725,2979658818,9.474166539
3,D11,19,3_23,DI73,TBSV,27.88,18.82,9.06,-33.4325,11592719562,10.06418533
3,D08,20,3_23,DI73,TBSV,24.3,16.955,7.345,-35.1475,38058509216,10.58045177
3,F02,5,4_9,DI73,TBSV,33.565,20.925,12.64,-29.8525,969388683.6,8.986497946
3,G05,11,4_9,DI73,TBSV,26.45,18.535,7.915,-34.5775,25636850750,10.40886468
3,D01,19,4_9,DI73,TBSV,34.64,18.1,16.54,-25.9525,64935316.62,7.812480962
3,F05,24,4_9,DI73,TBSV,31.165,20.62,10.545,-31.9475,4141482080,9.617155786
3,H02,28,4_9,DI73,TBSV,33.86,13.695,20.165,-22.3275,5263167.943,6.721247228
3,D03,9,8_1,DI73,TBSV,45,15.455,29.545,-12.9475,7899.250182,3.897585869
3,B09,12,8_1,DI73,TBSV,45,19.525,25.475,-17.0175,132671.5953,5.122777951
3,D06,21,8_1,DI73,TBSV,45,32.57,12.43,-30.0625,1121280436,9.049714245
3,D09,31,8_1,DI73,TBSV,45,41.34,3.66,-38.8325,4.89494E+11,11.68974731
3,A12,40,8_1,DI73,TBSV,45,17.38,27.62,-14.8725,29996.36369,4.477068611
3,C09,13,8_10,DI73,TBSV,26.22,13.29,12.93,-29.5625,792864999.8,8.899199247
3,D06,23,8_10,DI73,TBSV,28.675,35.44,-6.765,-49.2575,6.72953E+14,14.82798501
3,A09,24,8_10,DI73,TBSV,32.08,17.445,14.635,-27.8575,243188539.3,8.385943104
3,D03,32,8_10,DI73,TBSV,28.455,24.265,4.19,-38.3025,3.39001E+11,11.53020141
3,A12,46,8_10,DI73,TBSV,30.56,19.92,10.64,-31.8525,3877554734,9.588557937
3,A09,5,3_23,TBSV,TBSV,11.75,15.195,-3.445,-41.75125,3.70151E+12,12.56837861
3,A12,6,3_23,TBSV,TBSV,14.185,15.575,-1.39,-39.69625,8.90763E+11,11.94976197
3,A06,16,3_23,TBSV,TBSV,12.425,15.44,-3.015,-41.32125,2.74749E+12,12.43893571
3,D09,19,3_23,TBSV,TBSV,12.57,18.49,-5.92,-44.22625,2.05792E+13,13.31342785
3,D06,20,3_23,TBSV,TBSV,13.305,17.485,-4.18,-42.48625,6.16078E+12,12.78963565
3,F04,5,4_9,TBSV,TBSV,15.895,18.655,-2.76,-41.06625,2.30236E+12,12.36217306
3,H07,11,4_9,TBSV,TBSV,15.1,19.4,-4.3,-42.60625,6.69513E+12,12.82575925
3,G01,19,4_9,TBSV,TBSV,17.535,19.98,-2.445,-40.75125,1.85075E+12,12.26734861
3,E07,24,4_9,TBSV,TBSV,15.8,17.96,-2.16,-40.46625,1.51899E+12,12.18155506
3,G04,28,4_9,TBSV,TBSV,16.3,13.52,2.78,-35.52625,49484237594,10.69446688
3,D01,9,8_1,TBSV,TBSV,19.73,14.325,5.405,-32.90125,8021639580,9.904263145
3,B07,12,8_1,TBSV,TBSV,15.885,18.31,-2.425,-40.73125,1.82527E+12,12.26132801
3,C04,21,8_1,TBSV,TBSV,17.405,17.605,-0.2,-38.50625,3.90424E+11,11.59153627
3,C07,31,8_1,TBSV,TBSV,15.035,19.71,-4.675,-42.98125,8.68251E+12,12.9386455
3,A10,40,8_1,TBSV,TBSV,19.475,14.14,5.335,-32.97125,8420448898,9.925335245
3,C07,13,8_10,TBSV,TBSV,12.765,20.495,-7.73,-46.03625,7.21593E+13,13.85829214
3,D04,23,8_10,TBSV,TBSV,13.81,22.765,-8.955,-47.26125,1.68676E+14,14.22705388
3,A07,24,8_10,TBSV,TBSV,15.66,17.445,-1.785,-40.09125,1.1713E+12,12.06866881
3,D01,32,8_10,TBSV,TBSV,13.165,22.94,-9.775,-48.08125,2.97782E+14,14.47389848
3,A10,46,8_10,TBSV,TBSV,12.435,18.095,-5.66,-43.96625,1.71854E+13,13.23516005
3,G02,4,3_23,DI72,TBSV_DI72,14.26,15.815,-1.555,-32.0525,4454140745,9.648763936
3,H06,7,3_23,DI72,TBSV_DI72,14.345,18.03,-3.685,-34.1825,19496552646,10.28995783
3,G09,17,3_23,DI72,TBSV_DI72,15.38,13.485,1.895,-28.6025,407577734.5,8.610210451
3,E02,18,3_23,DI72,TBSV_DI72,14.815,13.055,1.76,-28.7375,447558181.3,8.6508495
3,E05,19,3_23,DI72,TBSV_DI72,14.925,16.64,-1.715,-32.2125,4976554165,9.696928735
3,C11,3,8_1,DI72,TBSV_DI72,16.895,9.93,6.965,-23.5325,12133563.66,7.083988373
3,F08,22,8_1,DI72,TBSV_DI72,18.745,13.615,5.13,-25.3675,43289085.87,7.636378415
3,F02,33,8_1,DI72,TBSV_DI72,17.29,14.735,2.555,-27.9425,257947102.5,8.411530654
3,F05,42,8_1,DI72,TBSV_DI72,15.95,15.245,0.705,-29.7925,929899781.8,8.968436146
3,E11,45,8_1,DI72,TBSV_DI72,18.705,17.665,1.04,-29.4575,737209795.7,8.867591097
3,E05,15,8_10,DI72,TBSV_DI72,17.565,22.945,-5.38,-35.8775,63125331154,10.80020367
3,F11,18,8_10,DI72,TBSV_DI72,16.96,19.455,-2.495,-32.9925,8545394798,9.931732132
3,D11,21,8_10,DI72,TBSV_DI72,31.83,17.095,14.735,-15.7625,55588.54499,4.744985307
3,F08,35,8_10,DI72,TBSV_DI72,17.765,20.085,-2.32,-32.8175,7569233150,9.879051883
3,F02,36,8_10,DI72,TBSV_DI72,32.26,19.695,12.565,-17.9325,250161.4568,5.398220397
3,G03,4,3_23,DI73,TBSV_DI72,27.34,16.57,10.77,-31.7225,3543431466,9.549424037
3,G07,7,3_23,DI73,TBSV_DI72,25.49,16.745,8.745,-33.7475,14421478229,10.15900978
3,G10,17,3_23,DI73,TBSV_DI72,31.555,15.02,16.535,-25.9575,65160755.71,7.813986112
3,E03,18,3_23,DI73,TBSV_DI72,27.98,13.725,14.255,-28.2375,316471425,8.500334503
3,G04,19,3_23,DI73,TBSV_DI72,28.115,16.41,11.705,-30.7875,1853365146,9.267960992
3,D12,3,8_1,DI73,TBSV_DI72,33.56,20.045,13.515,-28.9775,528562927.7,8.723096699
3,F09,22,8_1,DI73,TBSV_DI72,45,16.475,28.525,-13.9675,16019.03921,4.204636464
3,E03,33,8_1,DI73,TBSV_DI72,45,19.055,25.945,-16.5475,95784.19491,4.981293853
3,F06,42,8_1,DI73,TBSV_DI72,45,31.79,13.21,-29.2825,652996491.8,8.814910848
3,E12,45,8_1,DI73,TBSV_DI72,45,17.44,27.56,-14.9325,31270.18209,4.49513041
3,F06,15,8_10,DI73,TBSV_DI72,30.04,24.22,5.82,-36.6725,1.09527E+11,11.03952252
3,F12,18,8_10,DI73,TBSV_DI72,45,17.675,27.325,-15.1675,36802.08798,4.565872459
3,D12,21,8_10,DI73,TBSV_DI72,45,16.03,28.97,-13.5225,11767.33497,4.070678116
3,F09,35,8_10,DI73,TBSV_DI72,45,17.45,27.55,-14.9425,31487.68341,4.49814071
3,F03,36,8_10,DI73,TBSV_DI72,45,17.695,27.305,-15.1875,37315.82598,4.571893059
3,G01,4,3_23,TBSV,TBSV_DI72,14.59,16.27,-1.68,-39.98625,1.08908E+12,12.03706066
3,H05,7,3_23,TBSV,TBSV_DI72,13.035,16.44,-3.405,-41.71125,3.60029E+12,12.55633741
3,G08,17,3_23,TBSV,TBSV_DI72,15.595,13.995,1.6,-36.70625,1.1212E+11,11.04968228
3,F01,18,3_23,TBSV,TBSV_DI72,14.16,13.645,0.515,-37.79125,2.37848E+11,11.37629982
3,E04,19,3_23,TBSV,TBSV_DI72,14.83,16.835,-2.005,-40.31125,1.36425E+12,12.13489541
3,D10,3,8_1,TBSV,TBSV_DI72,17.815,18.685,-0.87,-39.17625,6.21193E+11,11.79322637
3,F07,22,8_1,TBSV,TBSV_DI72,18.325,14.38,3.945,-34.36125,22068201386,10.34376694
3,E01,33,8_1,TBSV,TBSV_DI72,18.645,15.9,2.745,-35.56125,50699413260,10.70500293
3,E04,42,8_1,TBSV,TBSV_DI72,17.55,17.65,-0.1,-38.40625,3.64278E+11,11.56143327
3,E10,45,8_1,TBSV,TBSV_DI72,16.905,15.355,1.55,-36.75625,1.16074E+11,11.06473378
3,E04,15,8_10,TBSV,TBSV_DI72,14.605,20.525,-5.92,-44.22625,2.05792E+13,13.31342785
3,F10,18,8_10,TBSV,TBSV_DI72,21.06,18.26,2.8,-35.50625,48802973472,10.68844628
3,D10,21,8_10,TBSV,TBSV_DI72,45,18.415,26.585,-11.72125,3376.352927,3.528447837
3,F07,35,8_10,TBSV,TBSV_DI72,24.17,17.44,6.73,-31.57625,3201830967,9.505398401
3,E01,36,8_10,TBSV,TBSV_DI72,35.395,17,18.395,-19.91125,986014.9531,5.993883501
3,A07,4,4_9,DI72,TBSV_DI73,25.385,15.33,10.055,-28.25125,319502061.7,8.504473665
3,D08,6,4_9,DI72,TBSV_DI73,17.325,20.935,-3.61,-34.1075,18508898640,10.26738058
3,A11,10,4_9,DI72,TBSV_DI73,18.13,16.095,2.035,-28.4625,369884601.3,8.568066252
3,D11,15,4_9,DI72,TBSV_DI73,23.98,16.03,7.95,-22.5475,6130188.474,6.787473827
3,B04,32,4_9,DI72,TBSV_DI73,18.555,17.06,1.495,-29.0025,537802044.9,8.730622449
3,G08,2,8_1,DI72,TBSV_DI73,16.81,17.68,-0.87,-31.3675,2770501496,9.442558389
3,E02,27,8_1,DI72,TBSV_DI73,16.285,16.665,-0.38,-30.8775,1972666599,9.295053691
3,G05,29,8_1,DI72,TBSV_DI73,17.2,17.625,-0.425,-30.9225,2035166948,9.308600041
3,E05,49,8_1,DI72,TBSV_DI73,24.755,12.62,12.135,-18.3625,337025.9142,5.527663295
3,G02,50,8_1,DI72,TBSV_DI73,17.235,16.995,0.24,-30.2575,1283556806,9.108415094
3,C11,1,8_10,DI72,TBSV_DI73,27.455,23.27,4.185,-26.3125,83339667.02,7.920851761
3,G08,7,8_10,DI72,TBSV_DI73,26.665,23.405,3.26,-27.2375,158235712.5,8.199304507
3,H05,29,8_10,DI72,TBSV_DI73,25.61,35.265,-9.655,-40.1525,1.2221E+12,12.0871069
3,D08,33,8_10,DI72,TBSV_DI73,26.635,17.545,9.09,-21.4075,2781631.733,6.444299632
3,G02,34,8_10,DI72,TBSV_DI73,17.26,45,-27.74,-58.2375,3.39809E+17,17.53123437
3,B06,4,4_9,DI73,TBSV_DI73,26.98,15.96,11.02,-31.4725,2979658818,9.474166539
3,A09,6,4_9,DI73,TBSV_DI73,25.025,33.43,-8.405,-50.8975,2.09737E+15,15.3216742
3,B10,10,4_9,DI73,TBSV_DI73,36.94,17.59,19.35,-23.1425,9259481.635,6.966586675
3,D10,15,4_9,DI73,TBSV_DI73,28.115,17.375,10.74,-31.7525,3617886494,9.558454937
3,B03,32,4_9,DI73,TBSV_DI73,29.555,18.93,10.625,-31.8675,3918080790,9.593073387
3,G09,2,8_1,DI73,TBSV_DI73,45,29.68,15.32,-27.1725,151264688.4,8.179737557
3,E03,27,8_1,DI73,TBSV_DI73,31.195,19.985,11.21,-31.2825,2611985967,9.416970839
3,G06,29,8_1,DI73,TBSV_DI73,45,29.18,15.82,-26.6725,106960286.9,8.029222559
3,F06,49,8_1,DI73,TBSV_DI73,42.82,14.855,27.965,-14.5275,23616.3764,4.373213262
3,H03,50,8_1,DI73,TBSV_DI73,42.26,10.66,31.6,-10.8925,1900.943583,3.278969228
3,C12,1,8_10,DI73,TBSV_DI73,45,22.85,22.15,-20.3425,1329543.915,6.123702687
3,G09,7,8_10,DI73,TBSV_DI73,29.12,23.025,6.095,-36.3975,90518899892,10.95673927
3,H06,29,8_10,DI73,TBSV_DI73,28.765,34.57,-5.805,-48.2975,3.45936E+14,14.53899622
3,D09,33,8_10,DI73,TBSV_DI73,32.175,21.745,10.43,-32.0625,4485121744,9.651774236
3,G03,34,8_10,DI73,TBSV_DI73,34.3,24.71,9.59,-32.9025,8028592813,9.904639432
3,A08,4,4_9,TBSV,TBSV_DI73,15.785,17.565,-1.78,-40.08625,1.16725E+12,12.06716366
3,D09,6,4_9,TBSV,TBSV_DI73,12.615,20.68,-8.065,-46.37125,9.10201E+13,13.95913719
3,B12,10,4_9,TBSV,TBSV_DI73,17.23,17,0.23,-38.07625,2.89797E+11,11.46209337
3,C12,15,4_9,TBSV,TBSV_DI73,14.84,17.125,-2.285,-40.59125,1.65647E+12,12.21918381
3,B05,32,4_9,TBSV,TBSV_DI73,15.15,17.34,-2.19,-40.49625,1.55091E+12,12.19058596
3,H07,2,8_1,TBSV,TBSV_DI73,16.045,17.215,-1.17,-39.47625,7.64778E+11,11.88353537
3,F01,27,8_1,TBSV,TBSV_DI73,17.42,17.25,0.17,-38.13625,3.02103E+11,11.48015517
3,H04,29,8_1,TBSV,TBSV_DI73,14.89,17.19,-2.3,-40.60625,1.67378E+12,12.22369926
3,F04,49,8_1,TBSV,TBSV_DI73,12.965,15.31,-2.345,-40.65125,1.72681E+12,12.23724561
3,H01,50,8_1,TBSV,TBSV_DI73,17.34,17.415,-0.075,-38.38125,3.5802E+11,11.55390752
3,C10,1,8_10,TBSV,TBSV_DI73,14.82,22.06,-7.24,-45.54625,5.13792E+13,13.71078744
3,G07,7,8_10,TBSV,TBSV_DI73,13.46,20.405,-6.945,-45.25125,4.18778E+13,13.62198359
3,G04,29,8_10,TBSV,TBSV_DI73,13.67,20.99,-7.32,-45.62625,5.43088E+13,13.73486984
3,D07,33,8_10,TBSV,TBSV_DI73,13.13,29.31,-16.18,-54.48625,2.52346E+16,16.4019956
3,H01,34,8_10,TBSV,TBSV_DI73,16.185,22.54,-6.355,-44.66125,2.78212E+13,13.44437589
4,G02,5,8_1,DI72,Rcvrd_leaf,12.485,11.325,1.16,-29.3375,678371349.9,8.831467498
4,G05,18,8_1,DI72,Rcvrd_leaf,14.37,13.495,0.875,-29.6225,826534615.3,8.917261047
4,F05,30,8_1,DI72,Rcvrd_leaf,17.805,15.98,1.825,-28.6725,427841147.8,8.631282551
4,F11,35,8_1,DI72,Rcvrd_leaf,14.285,12.21,2.075,-28.4225,359770087.5,8.556025052
4,F08,38,8_1,DI72,Rcvrd_leaf,14.355,12.19,2.165,-28.3325,338012181.7,8.528932352
4,H03,5,8_1,DI73,Rcvrd_leaf,29.98,8.395,21.585,-20.9075,1966910.661,6.293784634
4,G06,18,8_1,DI73,Rcvrd_leaf,45,13.54,31.46,-11.0325,2094.659459,3.321113427
4,E06,30,8_1,DI73,Rcvrd_leaf,45,14.125,30.875,-11.6175,3142.070857,3.497215975
4,F12,35,8_1,DI73,Rcvrd_leaf,30.365,11.445,18.92,-23.5725,12474684.56,7.096029573
4,F09,38,8_1,DI73,Rcvrd_leaf,32.25,8.72,23.53,-18.9625,510835.7615,5.708281293
4,G01,5,8_1,TBSV,Rcvrd_leaf,16.23,11.24,4.99,-33.31625,10695241441,10.02919059
4,H04,18,8_1,TBSV,Rcvrd_leaf,16.665,12.9,3.765,-34.54125,25000709728,10.39795234
4,F04,30,8_1,TBSV,Rcvrd_leaf,16.615,14.115,2.5,-35.80625,60083508145,10.77875528
4,F10,35,8_1,TBSV,Rcvrd_leaf,16.315,13.905,2.41,-35.89625,63951094527,10.80584798
4,F07,38,8_1,TBSV,Rcvrd_leaf,16.365,12.68,3.685,-34.62125,26426201209,10.42203474
