timepoint,well,plant,date,target,exp_group,target_ct,18S_ct,dct,ddct,dct_ratio,ddct_ratio
2,G09,3,4_9,DI72,TBSV_DI73,20.225,14.15,6.075,-45.712,-607.5,-32.62812277
3,E05,24,4_9,DI73,TBSV,100,20.62,79.38,8.225,-176.4,8.558792924
3,C01,19,4_9,DI73,TBSV,100,18.1,81.9,10.745,-140,13.00847458
1,G07,27,3_23,DI73,TBSV_DI72,100,13.02,86.98,15.825,-119.1506849,23.23788546
1,G06,27,3_23,DI72,TBSV_DI72,100,14.375,85.625,33.838,-117.2945205,49.6886931
3,E02,5,4_9,DI73,TBSV,100,20.925,79.075,7.92,-79.87373737,18.81235154
1,G02,41,8_10,DI72,TBSV_DI73,100,18.28,81.72,29.933,-51.55835962,-172.0287356
3,A10,5,3_23,DI72,TBSV,100,14.94,85.06,33.273,-50.48071217,-121.4343066
3,A11,5,3_23,DI73,TBSV,100,15.075,84.925,13.77,-50.40059347,-50.25547445
1,E12,26,3_23,DI73,TBSV,100,14.915,85.085,13.93,-42.64912281,-23.85273973
1,C12,26,3_23,DI72,TBSV,100,16.18,83.82,32.033,-42.01503759,-54.8510274
2,A08,10,3_23,DI73,TBSV,100,16.46,83.54,12.385,-37.46188341,-15.12210012
1,C03,43,8_10,DI73,TBSV,100,16.215,83.785,12.63,-37.32071269,-15.14388489
2,G03,23,3_23,DI73,TBSV_DI72,100,15.505,84.495,13.34,-36.03198294,-14.28265525
1,E02,7,4_9,DI72,TBSV_DI73,100,17.56,82.44,30.653,-33.85626283,-29.93457031
1,E05,54,8_10,DI72,TBSV_DI72,100,19.11,80.89,29.103,-33.21971253,-28.42089844
3,G06,29,8_1,DI73,TBSV_DI73,100,29.18,70.82,-0.335,-31.33628319,0.394581861
1,C09,22,8_10,DI73,TBSV,37.01,25.565,11.445,-59.71,-30.52,-57.63513514
1,A11,22,3_23,DI73,TBSV,30.96,13.225,17.735,-53.42,-30.31623932,-64.67312349
3,E06,24,4_9,DI72,TBSV,30.81,17.375,13.435,-38.352,-29.85555556,-39.90842872
3,C11,15,4_9,DI72,TBSV_DI73,28.53,16.03,12.5,-39.287,-29.76190476,-39.64379415
1,E05,18,4_9,DI72,TBSV_DI73,100,17.75,82.25,30.463,-23.73737374,-14.83106134
1,C07,20,4_9,DI72,TBSV,100,16.23,83.77,31.983,-21.13002901,-12.52516154
3,A09,24,8_10,DI73,TBSV,38.8,17.41,21.39,-49.765,-19.44545455,-160.0160772
3,C11,19,3_23,DI73,TBSV,100,18.82,81.18,10.025,-19.28266033,-3.581636299
1,G08,2,8_10,DI72,TBSV_DI73,100,22.97,77.03,25.243,-17.0420354,-8.119330975
2,C09,19,8_10,DI73,TBSV,100,16.51,83.49,12.335,-16.698,-3.436890499
1,C12,2,4_9,DI72,TBSV,100,20.27,79.73,27.943,-15.43659245,-7.443526905
1,A10,22,3_23,DI72,TBSV,23.895,15.085,8.81,-42.977,-15.05982906,-52.03026634
1,G02,23,4_9,DI72,TBSV_DI73,100,19.895,80.105,28.318,-15.00093633,-7.207431917
1,G09,31,4_9,DI72,TBSV_DI73,100,17.735,82.265,30.478,-14.650935,-7.249762131
3,E05,42,8_1,DI72,TBSV_DI72,15.985,15.21,0.775,-51.012,-14.09090909,-37.61946903
3,E03,5,4_9,DI72,TBSV,31.93,18.66,13.27,-38.517,-13.4040404,-91.48931116
1,C07,15,3_23,DI72,TBSV,100,20.68,79.32,27.533,-12.83495146,-5.773327742
3,A07,16,3_23,DI72,TBSV,30.605,15.97,14.635,-37.152,-12.50854701,-154.1576763
2,A05,na,8_1,DI72,neg_ctrl,36.13,100,-63.87,-35.46074074,-12.29451396,1.183222854
1,C10,31,3_23,DI72,TBSV,100,18.01,81.99,30.203,-11.17791411,-5.098413234
3,A04,32,4_9,DI72,TBSV_DI73,20.585,17.06,3.525,-48.262,-11.015625,-44.23648029
2,E02,22,4_9,DI72,TBSV_DI73,30.995,15.57,15.425,-36.362,-10.18151815,349.6346154
3,G02,50,8_1,DI72,TBSV_DI73,17.27,16.995,0.275,-51.512,-9.166666667,-37.30050688
1,E05,32,3_23,DI72,TBSV_DI72,16.135,19.17,-3.035,-54.822,-9.127819549,-31.44364783
3,E01,19,4_9,DI72,TBSV,21.55,16.32,5.23,-46.557,-8.94017094,-56.36440678
3,C11,3,8_1,DI72,TBSV_DI72,16.935,9.93,7.005,-44.782,-8.439759036,-77.07745267
2,C10,29,4_9,DI72,TBSV,21.315,14.32,6.995,-44.792,-8.427710843,-77.09466437
1,A09,51,8_1,DI73,TBSV,29.425,16.095,13.33,-57.825,-7.304109589,139.673913
1,C02,43,8_10,DI72,TBSV,32.475,18.09,14.385,-37.402,-6.407572383,44.84652278
3,E05,49,8_1,DI72,TBSV_DI73,26.37,12.62,13.75,-38.037,-6.223127404,47.63556669
3,G08,7,8_10,DI72,TBSV_DI73,28.99,1.81,27.18,-24.607,-5.960526316,7.814226739
1,G09,2,8_10,DI73,TBSV_DI73,18.265,17.475,0.79,-70.365,-5.721518987,0.044183898
3,A08,12,8_1,DI72,TBSV,30.94,17.41,13.53,-38.257,-5.68487395,39.48090815
2,A09,10,8_10,DI73,TBSV,34.115,18.91,15.205,-55.95,-5.243103448,37.57555406
3,A08,24,8_10,DI72,TBSV,17.025,11.34,5.685,-46.102,-5.168181818,-148.2379421
2,C05,48,8_10,DI72,TBSV_DI73,27.155,15.98,11.175,-40.612,-4.478957916,37.46494465
2,G02,14,4_9,DI72,TBSV_DI73,29.59,17.01,12.58,-39.207,-3.823708207,20.86588611
2,A07,25,4_9,DI72,TBSV,26.75,18.115,8.635,-43.152,-3.628151261,44.53250774
2,A11,46,8_1,DI72,TBSV,25.21,14.685,10.525,-41.262,-3.623063683,27.6184739
1,C11,12,8_10,DI72,TBSV_DI72,17.1005,15.125,1.9755,-49.8115,-3.376923077,-60.30447942
2,C07,12,3_23,DI72,TBSV,29.955,17.565,12.39,-39.397,-3.353179973,17.24912434
2,E05,30,4_9,DI72,TBSV_DI73,19.9,15.05,4.85,-46.937,-3.255033557,594.1392405
3,C10,19,3_23,DI72,TBSV,31.385,18.755,12.63,-39.157,-3,13.98963916
1,A07,12,4_9,DI72,TBSV,31.105,18.095,13.01,-38.777,-2.718913271,11.49288678
3,G06,11,4_9,DI72,TBSV,23.865,17.265,6.6,-45.187,-2.65060241,41.87859129
2,C03,8,8_10,DI73,TBSV_DI73,19.285,17.095,2.19,-68.965,-2.390410959,0.055448416
1,C09,43,8_1,DI73,TBSV,26.925,17.905,9.02,-62.135,-2.139976275,22.15941512
2,C02,8,8_10,DI72,TBSV_DI73,29.11,18.97,10.14,-41.647,-1.936962751,10.89095188
1,E05,13,8_1,DI72,TBSV_DI72,16.265,16.855,-0.59,-52.377,-1.903225806,-30.43404997
1,C02,18,8_1,DI72,TBSV,16.1005,13.99,2.1105,-49.6765,-1.773529412,-224.780543
1,C06,26,8_1,DI73,TBSV,30.515,19.87,10.645,-60.51,-1.743652744,12.89092458
1,A11,3,8_10,DI72,TBSV_DI73,17.5,15.76,1.74,-50.047,-1.731343284,-123.2684729
2,C08,19,8_10,DI72,TBSV,29.4,21.205,8.195,-43.592,-1.639,12.14600167
2,G02,23,3_23,DI72,TBSV_DI72,19.485,15.67,3.815,-47.972,-1.626865672,51.36188437
1,C08,22,8_10,DI72,TBSV,17.21,16.665,0.545,-51.242,-1.453333333,-49.46138996
1,G05,14,8_10,DI72,TBSV_DI73,22.875,18.575,4.3,-47.487,-1.405228758,28.797453
2,E08,44,8_10,DI72,TBSV_DI72,16.535,12.125,4.41,-47.377,-1.274566474,23.12201074
2,C02,24,8_1,DI72,TBSV_DI73,21.11,16.235,4.875,-46.912,-1.194852941,17.57662046
2,E05,49,8_10,DI72,TBSV_DI72,16.185,12.57,3.615,-48.172,-1.185245902,29.39109213
1,A09,38,8_10,DI73,TBSV_DI73,25.38,18.91,6.47,-64.685,-1.112055641,11.18343707
3,H03,25,8_10,DI73,TBSV_DI73,20.31,16.29,4.02,-67.135,-1.082089552,0.043777463
1,A08,51,8_1,DI72,TBSV,16.525,14.73,1.795,-49.992,-0.983561644,120.7536232
3,A05,na,8_10,DI72,neg_ctrl,36.14,100,-63.86,-35.45074074,-0.919907808,-1.034895599
2,C07,17,4_9,DI72,TBSV,22.375,17.97,4.405,-47.382,-0.886317907,13.31329025
2,C06,48,8_10,DI73,TBSV_DI73,18.825,15.99,2.835,-68.32,-0.880070547,63.02583026
1,A05,na,8_1,DI72,neg_ctrl,37.155,100,-62.845,-34.43574074,-0.86136239,-0.911109819
1,A05,na,8_10,DI72,neg_ctrl,37.67,100,-62.33,-33.92074074,-0.849153639,-0.887097868
2,G03,25,8_10,DI73,TBSV_DI73,20.25,16.26,3.99,-67.165,-0.832080201,0.028422542
2,A05,na,8_10,DI72,neg_ctrl,40.34,100,-59.66,-31.25074074,-0.812778856,-0.817271819
3,H02,25,8_10,DI72,TBSV_DI73,22.25,18.82,3.43,-48.357,-0.788505747,16.45355563
3,C03,32,8_10,DI73,TBSV,35.825,24.265,11.56,-59.595,-0.784602076,0.128517493
2,E02,11,3_23,DI72,TBSV_DI72,16.27,16.875,-0.605,-52.392,-0.75625,-23.69606513
3,C11,1,8_10,DI72,TBSV_DI73,28.365,23.27,5.095,-46.692,-0.737871108,8.498725883
2,G02,25,8_10,DI72,TBSV_DI73,22.08,19.67,2.41,-49.377,-0.725903614,25.86537454
1,C08,43,8_1,DI72,TBSV,17.4,14.72,2.68,-49.107,-0.635824437,17.51319544
3,C08,33,8_10,DI72,TBSV_DI73,27.375,17.51,9.865,-41.922,-0.621613106,2.899370634
1,G03,30,8_1,DI73,TBSV_DI73,24.57666667,19.05666667,5.52,-65.635,-0.606280193,33.90821422
1,E03,28,3_23,DI73,TBSV_DI72,28.68,17.82,10.86,-60.295,-0.597605893,0.08423584
2,C11,17,8_1,DI72,TBSV_DI72,16.335,17.09,-0.755,-52.542,-0.594488189,-19.59791123
2,A11,26,8_10,DI72,TBSV,15.535,17.29,-1.755,-53.542,-0.589915966,-12.20747834
2,G06,21,3_23,DI72,TBSV_DI72,19.72,17.47,2.25,-49.537,-0.588235294,20.52071251
2,A10,2,3_23,DI72,TBSV,20.52,18.51,2.01,-49.777,-0.552957359,22.3817446
1,A12,14,8_1,DI73,TBSV,27.26,18.99,8.27,-62.885,-0.538694075,0.04840582
3,E06,15,8_10,DI73,TBSV_DI72,34.825,24.22,10.605,-60.55,-0.495992456,0.0635673
3,C07,20,3_23,DI72,TBSV,19.27,18.095,1.175,-50.612,-0.480572597,48.94777563
2,E03,39,8_10,DI73,TBSV_DI72,29.67,18.075,11.595,-59.56,-0.460112117,0.065883143
3,H09,16,8_10,DI73,TBSV_DI73,26.54,17.04,9.5,-61.655,-0.444210526,0.045559971
3,C09,13,8_10,DI73,TBSV,29.32,13.29,16.03,-55.125,-0.442919526,0.103201814
2,C06,34,8_1,DI73,TBSV_DI73,29.66,19.335,10.325,-60.83,-0.442615012,19.2560937
3,G09,7,8_10,DI73,TBSV_DI73,32.72,22.09,10.63,-60.525,-0.4289746,0.052028088
3,E11,18,8_10,DI72,TBSV_DI72,17.605,19.1005,-1.4955,-53.2825,-0.427896996,-10.8606808
2,G09,16,8_10,DI73,TBSV_DI73,26.62,16.65,9.97,-61.185,-0.424272818,0.046073384
2,C11,3,3_23,DI73,TBSV,32.125,17.56,14.565,-56.59,-0.389289392,0.075260647
2,G06,40,8_10,DI73,TBSV_DI73,30.39,17.99,12.4,-58.755,-0.388709677,17.23525961
3,G03,34,8_10,DI73,TBSV_DI73,39.62,24.14,15.48,-55.675,-0.377260982,12.57055769
1,C11,11,8_1,DI72,TBSV_DI72,17.365,16.89,0.475,-51.312,-0.368217054,-424.0661157
1,A06,4,8_1,DI73,TBSV_DI73,27.135,17.99,9.145,-62.01,-0.350464735,0.028930818
1,G06,14,8_10,DI73,TBSV_DI73,26.575,17.785,8.79,-62.365,-0.348122867,0.026441113
2,A08,32,8_1,DI72,TBSV,17.88,17.15,0.73,-51.057,-0.320879121,59.09375
2,A07,10,3_23,DI72,TBSV,17.43,16.73,0.7,-51.087,-0.313901345,62.37728938
1,G09,16,8_1,DI73,TBSV_DI73,30.11,20.04,10.07,-61.085,-0.253723932,0.018728002
3,H06,40,8_10,DI73,TBSV_DI73,32.89,18.44,14.45,-56.705,-0.247058824,26.26447429
1,G04,18,4_9,DI73,TBSV_DI73,31.135,16.37,14.765,-56.39,-0.2346766,0.036424898
2,C08,17,4_9,DI73,TBSV,39.765,18.555,21.21,-49.945,-0.234323432,0.071258384
1,C11,27,4_9,DI73,TBSV,26.175,16.325,9.85,-61.305,-0.230456853,0.014011908
2,C09,48,8_1,DI73,TBSV,29.62,18.095,11.525,-59.63,-0.223427332,0.019520376
2,G07,21,3_23,DI73,TBSV_DI72,34.28,17.015,17.265,-53.89,-0.221546481,0.044794953
3,E08,35,8_10,DI72,TBSV_DI72,18.44,20.085,-1.645,-53.432,-0.22006689,-6.013054243
2,C06,42,8_10,DI73,TBSV,41.115,17.175,23.94,-47.215,-0.206558062,0.074849095
3,C09,33,8_10,DI73,TBSV_DI73,100,21.71,78.29,7.135,-0.202707881,-0.493464278
2,C08,12,3_23,DI73,TBSV,36.78,17.195,19.585,-51.57,-0.188664794,0.044289315
2,C08,48,8_1,DI72,TBSV,17.23,16.75,0.48,-51.307,-0.186407767,44.07817869
1,A02,35,8_1,DI72,TBSV_DI73,9.97,11.01,-1.04,-52.827,-0.183259912,-7.455122777
1,E09,17,8_10,DI73,TBSV_DI72,27.425,16.365,11.06,-60.095,-0.180379747,0.009717947
2,E06,49,8_10,DI73,TBSV_DI72,37.185,18.43,18.755,-52.4,-0.1626233,0.031278626
3,C08,31,8_1,DI72,TBSV,19.125,18.415,0.71,-51.077,-0.153017241,15.81820997
2,C06,36,8_1,DI73,TBSV,29.235,12.11,17.125,-54.03,-0.150656934,0.021636128
2,G03,20,8_1,DI73,TBSV_DI73,29.5,18.06,11.44,-59.715,-0.126311189,0.000569371
3,G07,7,3_23,DI73,TBSV_DI72,30.075,16.71,13.365,-57.79,-0.124579125,0.004395224
1,E12,10,8_1,DI73,TBSV_DI72,31.33,18.7,12.63,-58.525,-0.109659541,-0.000444255
1,C12,11,8_1,DI73,TBSV_DI72,28.95,16.94,12.01,-59.145,-0.107410491,-0.00204582
1,C05,26,8_1,DI72,TBSV,19.81,19.195,0.615,-51.172,-0.100737101,10.90157648
2,C12,52,8_10,DI73,TBSV_DI72,31.765,15.865,15.9,-55.255,-0.098742138,0.002877568
1,C03,18,8_1,DI73,TBSV,27.395,15.235,12.16,-58.995,-0.097861842,-0.00374608
3,C12,1,8_10,DI73,TBSV_DI73,100,22.85,77.15,5.995,-0.089500972,-0.916430359
1,C11,31,3_23,DI73,TBSV,100,17.195,82.805,11.65,-0.088581607,-0.508497854
1,A12,3,8_10,DI73,TBSV_DI73,26.5,14.46,12.04,-59.115,-0.083471761,-0.006867969
2,G09,37,8_1,DI73,TBSV_DI73,39,18.075,20.925,-50.23,-0.082198327,162.5566343
3,C09,31,8_1,DI73,TBSV,100,41.34,58.66,-12.495,-0.079099898,0.258423369
1,C08,15,3_23,DI73,TBSV,100,17.975,82.025,10.87,-0.075342883,-0.438730451
1,G10,31,4_9,DI73,TBSV_DI73,100,17.165,82.835,11.68,-0.067785356,-2.778306375
1,G03,23,4_9,DI73,TBSV_DI73,100,19.195,80.805,9.65,-0.066085019,-0.407150259
1,E12,2,4_9,DI73,TBSV,100,20.72,79.28,8.125,-0.06514884,-0.462030769
3,A12,46,8_10,DI73,TBSV,100,19.92,80.08,8.925,-0.062687313,-0.404369748
2,C03,24,8_1,DI73,TBSV_DI73,100,32.08,67.92,-3.235,-0.060070671,0.82503864
1,A08,12,4_9,DI73,TBSV,100,18.75,81.25,10.095,-0.058892308,-0.334224864
3,C12,3,8_1,DI73,TBSV_DI72,34.355,20.01,14.345,-56.81,-0.057859881,-0.010227073
2,C03,53,8_10,DI73,TBSV,100,19.37,80.63,9.475,-0.050539501,-0.28116095
1,C08,20,4_9,DI73,TBSV,100,15.675,84.325,13.17,-0.047014527,-0.193887623
2,A11,2,3_23,DI73,TBSV,100,17.94,82.06,10.905,-0.044296856,-0.203943145
2,E09,44,8_10,DI73,TBSV_DI72,100,20.52,79.48,8.325,-0.043532964,-0.246126126
1,C12,12,8_10,DI73,TBSV_DI72,28.115,14.01,14.105,-57.05,-0.041474654,-0.014478528
2,G03,14,4_9,DI73,TBSV_DI73,100,18.54,81.46,10.305,-0.04038792,-0.182338671
2,A12,46,8_1,DI73,TBSV,100,19.215,80.785,9.63,-0.035959646,-0.155140187
2,G02,20,8_1,DI72,TBSV_DI73,16.255,16.205,0.05,-51.737,-0.034602076,1521.676471
3,G05,11,4_9,DI73,TBSV,100,18.535,81.465,10.31,-0.030565273,-0.104655674
3,A09,12,8_1,DI73,TBSV,100,19.525,80.475,9.32,-0.029574402,-0.103969957
3,C08,20,3_23,DI73,TBSV,100,16.955,83.045,11.89,-0.029441869,-0.086963835
1,E03,7,4_9,DI73,TBSV_DI73,100,17.095,82.905,11.75,-0.029370967,-0.087148936
2,A08,25,4_9,DI73,TBSV,100,18.46,81.54,10.385,-0.029188129,-0.093307655
1,E06,54,8_10,DI73,TBSV_DI72,100,16.32,83.68,12.525,-0.029098948,-0.081756487
2,A09,32,8_1,DI73,TBSV,100,19.055,80.945,9.79,-0.028105504,-0.08825332
3,E06,49,8_1,DI73,TBSV_DI73,100,14.855,85.145,13.99,-0.02594985,-17.52035066
1,G03,41,8_10,DI73,TBSV_DI73,100,15.915,84.085,12.93,-0.018849973,-74.31034483
2,E03,22,4_9,DI73,TBSV_DI73,100,17.705,82.295,11.14,-0.018409381,-0.009335727
2,G04,30,4_9,DI73,TBSV_DI73,100,16.56,83.44,12.285,-0.017857143,-155.5063291
3,G09,2,8_1,DI73,TBSV_DI73,100,29.68,70.32,-0.835,-0.016069397,-0.336526946
3,A08,16,3_23,DI73,TBSV,100,15.595,84.405,13.25,-0.013861738,0.018188679
2,C11,29,4_9,DI73,TBSV,100,16.14,83.86,12.705,-0.009897448,0.045730028
3,C10,15,4_9,DI73,TBSV_DI73,100,17.375,82.625,11.47,-0.005083207,0.086399303
3,A03,32,4_9,DI73,TBSV_DI73,100,18.93,81.07,9.915,-0.003947206,9.087992667
3,G04,19,3_23,DI73,TBSV_DI72,100,16.41,83.59,12.435,-0.003349683,0.090952955
3,C06,21,8_1,DI73,TBSV,100,32.57,67.43,-3.725,-0.002891888,-0.326442953
2,G10,3,4_9,DI73,TBSV_DI73,21.37,15.6,5.77,-65.385,-0.001733102,-0.021426933
3,G03,50,8_1,DI73,TBSV_DI73,42.465,10.66,31.805,-39.35,-0.000943248,-28.49384504
3,E06,42,8_1,DI73,TBSV_DI72,100,31.79,68.21,-2.945,-0.000806333,-0.460441426
1,A06,na,8_1,DI73,neg_ctrl,100,100,0,-41.14933333,0,-1.088739805
3,A05,na,8_1,DI72,neg_ctrl,100,100,0,28.40925926,0,0.729932754
1,A03,na,4_9,DI73,pos_ctrl,12.92,12.92,0,3.400909091,0,0.219823914
3,G06,29,8_10,DI73,TBSV_DI73,100,100,0,-71.155,0,22.66804715
3,A06,4,4_9,DI73,TBSV_DI73,100,15.96,84.04,12.885,0.001368396,0.118432286
2,E09,38,8_1,DI73,TBSV_DI72,40.32,16.775,23.545,-47.61,0.002123593,-0.03068683
3,E12,6,3_23,DI73,TBSV,100,15.59,84.41,13.255,0.004857244,0.13738212
2,G10,33,3_23,DI73,TBSV_DI72,32.07,16.68,15.39,-55.765,0.00877193,-0.027723482
1,A09,5,8_10,DI73,TBSV,100,12.965,87.035,15.88,0.008961912,0.137972292
2,G07,21,4_9,DI73,TBSV_DI73,100,16.23,83.77,12.615,0.01145995,0.187950852
2,E12,41,8_1,DI73,TBSV_DI72,35.74,17.255,18.485,-52.67,0.012442521,-0.031156256
3,G03,4,3_23,DI73,TBSV_DI72,33.805,16.57,17.235,-53.92,0.012764723,-0.030248516
2,G06,15,8_1,DI73,TBSV_DI73,24.365,15.755,8.61,-62.545,0.015098722,-0.02463826
3,E12,45,8_1,DI73,TBSV_DI72,100,17.44,82.56,11.405,0.018834787,0.260061377
1,E06,13,8_1,DI73,TBSV_DI72,33.41,17.215,16.195,-54.96,0.01914171,-0.031313683
1,G10,9,3_23,DI73,TBSV_DI72,40.83,12.325,28.505,-42.65,0.025083319,-0.049847597
3,A10,10,4_9,DI73,TBSV_DI73,100,17.59,82.41,11.255,0.025725033,0.313727232
1,A10,33,4_9,DI72,TBSV,13.335,13.26,0.075,-51.712,0.02617801,-12.09354537
1,E03,5,8_1,DI73,TBSV_DI72,30.195,17.68,12.515,-58.64,0.029564523,-0.03037176
1,E02,28,3_23,DI72,TBSV_DI72,20.505,20.715,-0.21,-51.997,0.032357473,10.23764521
4,E06,30,8_1,DI73,rcvrd_leaf,100,14.125,85.875,7.849135802,0.033537118,-5.172968637
1,G07,26,4_9,DI73,TBSV_DI73,26.82,12.82,14,-57.155,0.033928571,-0.032997988
3,E03,33,8_1,DI73,TBSV_DI72,100,19.055,80.945,9.79,0.034406078,0.428600613
2,G09,33,3_23,DI72,TBSV_DI72,16.37,16.365,0.005,-51.782,0.037037037,-33.49417853
2,E03,7,8_1,DI73,TBSV_DI72,30.07,17.11,12.96,-58.195,0.03742284,-0.032580119
3,G10,17,3_23,DI73,TBSV_DI72,100,15.02,84.98,13.825,0.038597317,0.339312839
3,E03,27,8_1,DI73,TBSV_DI73,34.505,19.985,14.52,-56.635,0.042699725,-27.88527819
4,G06,18,8_1,DI73,rcvrd_leaf,100,13.54,86.46,8.434135802,0.047131622,-4.672480294
3,E09,22,8_1,DI73,TBSV_DI72,100,16.475,83.525,12.37,0.047650404,0.435812449
3,G02,28,4_9,DI73,TBSV,100,13.695,86.305,15.15,0.052951741,0.394785479
2,E12,8,4_9,DI73,TBSV,100,13.895,86.105,14.95,0.05324894,0.401070234
2,A11,16,4_9,DI73,TBSV,100,15.41,84.59,13.435,0.054734602,0.449646446
2,E03,11,3_23,DI73,TBSV_DI72,30.435,16.52,13.915,-57.24,0.057491915,-0.038626834
1,A05,4,8_1,DI72,TBSV_DI73,16.14,16.335,-0.195,-51.982,0.060842434,28.9754738
3,C03,9,8_1,DI73,TBSV,100,15.1005,84.8995,13.7445,0.064134653,0.498817709
3,A12,40,8_1,DI73,TBSV,100,17.38,82.62,11.465,0.065056887,0.591888356
3,G02,11,11_27,DI72,neg_plt,26.085,20.71,5.375,-12.0600463,0.066194581,-0.319753768
2,E02,39,8_10,DI72,TBSV_DI72,16.015,16.415,-0.4,-52.187,0.07497657,13.29943935
1,C08,5,11_27,DI72,neg_plt,27.715,21.515,6.2,-11.2350463,0.075513063,-0.29090009
1,A08,1,11_27,DI72,neg_plt,24.705,21.285,3.42,-14.0150463,0.076033793,-9.364173472
2,E02,7,11_27,DI72,neg_plt,33.18,26.005,7.175,-10.2600463,0.087676422,-0.267525435
3,E09,35,8_10,DI73,TBSV_DI72,100,17.1,82.9,11.745,0.090168878,0.756577267
2,E08,9,11_27,DI72,neg_plt,30.56,23.14,7.42,-10.0150463,0.093081603,-0.276416936
2,C12,17,8_1,DI73,TBSV_DI72,31.57,18.175,13.395,-57.76,0.094811497,-0.046416205
1,E09,39,8_1,DI73,TBSV_DI72,32.085,12.1005,19.9845,-51.1705,0.095073682,-0.06470525
1,A08,30,3_23,DI73,TBSV,100,11.875,88.125,16.97,0.10258156,0.615851503
2,A12,26,8_10,DI73,TBSV,38.78,10.695,28.085,-43.07,0.105928432,-0.101834223
1,G03,25,3_23,DI73,TBSV_DI72,29.57,13.03,16.54,-54.615,0.107920193,-0.058518722
2,E11,10,11_27,DI72,neg_plt,29.095,20.195,8.9,-8.535046296,0.110148515,-0.228719418
1,A11,2,11_27,DI72,neg_plt,34.06,25.55,8.51,-8.925046296,0.110218884,-0.264628769
2,E12,31,8_10,DI73,TBSV_DI72,100,12.83,87.17,16.015,0.113456464,0.705650952
1,C02,3,11_27,DI72,neg_plt,35.12,26.265,8.855,-8.580046296,0.114910459,-0.255535976
2,E05,8,11_27,DI72,neg_plt,30.55,21.065,9.485,-7.950046296,0.115354211,-0.205206615
3,G06,na,unk,DI72,neg_plt,28.655,18.73,9.925,-7.510046296,0.115959808,-0.178357654
3,G05,12,11_27,DI72,neg_plt,34.155,24.81,9.345,-8.090046296,0.116907487,-0.221938996
2,C10,3,3_23,DI72,TBSV,17.1005,17.775,-0.6745,-52.4615,0.118959436,12.31779761
3,G11,14,11_27,DI72,neg_plt,30.355,20.315,10.04,-7.395046296,0.121387982,-0.188520895
1,C05,4,11_27,DI72,neg_plt,30.92,20.32,10.6,-6.835046296,0.127980682,-0.173735555
3,G08,13,11_27,DI72,neg_plt,31.265,20.545,10.72,-6.715046296,0.12986069,-0.171886851
4,E12,35,8_1,DI73,rcvrd_leaf,30.94,11.41,19.53,-58.4958642,0.143113159,0.695576241
3,E02,27,8_1,DI72,TBSV_DI73,16.76,16.665,0.095,-51.692,0.153225806,-25.45150172
3,E02,36,8_10,DI72,TBSV_DI72,33.095,19.695,13.4,-38.387,0.161445783,-0.454763005
4,E09,38,8_1,DI73,rcvrd_leaf,33.65,8.72,24.93,-53.0958642,0.161652627,0.743058502
2,C12,6,11_27,DI73,neg_plt,100,20.605,79.395,1.369135802,0.168083632,-22.01266908
1,E03,47,8_10,DI73,TBSV_DI72,31.035,14.92,16.115,-55.04,0.168166305,-0.07487282
2,G11,37,8_10,DI72,neg_plt,29.61,14.88,14.73,-2.705046296,0.168960771,-0.061905095
3,H11,37,8_10,DI72,neg_plt,30.06,15.21,14.85,-2.585046296,0.170181068,-0.05905078
3,G05,29,8_1,DI72,TBSV_DI73,17.23,17.625,-0.395,-52.182,0.174778761,61.46289753
1,A11,33,4_9,DI73,TBSV,29.08,13.195,15.885,-55.27,0.180358829,-0.077365659
3,C11,21,8_10,DI72,TBSV_DI72,32.53,17.095,15.435,-36.352,0.189189189,-0.437997012
3,E05,19,3_23,DI72,TBSV_DI72,16.58,16.64,-0.06,-51.847,0.214285714,-45.84173298
1,E08,17,8_10,DI72,TBSV_DI72,17.565,18,-0.435,-52.222,0.218045113,89.42123288
1,C05,50,8_10,DI72,TBSV,13.605,12.41,1.195,-50.592,0.218664227,-7.357766143
3,G11,4,8_10,DI72,neg_plt,33.04,14.3,18.74,1.304953704,0.22301559,0.032183995
2,C02,53,8_10,DI72,TBSV,29.47,30.38,-0.91,-52.697,0.223312883,19.78115616
1,A11,14,8_1,DI72,TBSV,16.005,17.055,-1.05,-52.837,0.235690236,17.35775296
4,G03,5,8_1,DI73,rcvrd_leaf,30.505,8.395,22.11,-55.9158642,0.242424242,0.68179816
3,C08,6,4_9,DI72,TBSV_DI73,19.365,20.935,-1.57,-53.357,0.246467818,10.75962896
2,G02,na,1_3,DI72,neg_plt,30.36,18.08,12.28,-5.155046296,0.250152781,-0.919449399
1,A08,38,8_10,DI72,TBSV_DI73,17.205,19.01,-1.805,-53.592,0.250868659,9.265560166
4,G02,5,8_1,DI72,rcvrd_leaf,12.835,11.325,1.51,-15.9250463,0.281716418,0.417724394
2,E11,31,8_10,DI72,TBSV_DI72,16.78,13.99,2.79,-48.997,0.282103134,-4.335634015
1,C06,50,8_10,DI73,TBSV,29.365,11.065,18.3,-52.855,0.29863388,-0.13009176
4,G05,18,8_1,DI72,rcvrd_leaf,14.72,13.495,1.225,-16.2100463,0.300613497,0.411335495
3,A05,na,3_23,DI72,neg_ctrl,33.24,13.48666667,19.75333333,48.16259259,0.321401453,1.831599118
2,C02,19,8_1,DI72,TBSV,16.23,14.97,1.26,-50.527,0.333333333,-9.733577345
3,A11,40,8_1,DI72,TBSV,18.135,16.305,1.83,-49.957,0.340465116,-7.361774241
1,A03,35,8_1,DI73,TBSV_DI73,24.11,8.26,15.85,-55.305,0.358044164,-7.804826418
1,A09,8,8_1,DI73,TBSV_DI73,25.59333333,36.46,-10.86666667,-82.02166667,0.366871166,0.031402272
1,G08,16,8_1,DI72,TBSV_DI73,17.865,18.91,-1.045,-52.832,0.409001957,46.18181818
1,A02,na,3_23,DI72,pos_ctrl,27.71333333,23.70333333,4.01,18.88772727,0.418289291,1.300115766
1,A08,8,8_1,DI72,TBSV_DI73,15.50333333,17.17666667,-1.673333333,-53.46033333,0.419732441,20.75592079
2,C05,42,8_10,DI72,TBSV,27.73,29.87,-2.14,-53.927,0.432760364,15.25947934
2,E02,7,8_1,DI72,TBSV_DI72,15.84,15.63,0.21,-51.577,0.432989691,-27.20305907
1,E11,27,8_10,DI72,TBSV_DI72,17.64,12.835,4.805,-46.982,0.434056007,-3.764281708
2,A03,na,8_10,DI73,pos_ctrl,12.46,22.96,-10.5,-7.099090909,0.459786892,0.396694635
2,C05,34,8_1,DI72,TBSV_DI73,15.155,17.305,-2.15,-53.937,0.470459519,17.07407407
3,G04,13,1_3,DI72,neg_plt,24.1,20.2,3.9,-13.5350463,0.493358634,0.380429465
3,G02,4,3_23,DI72,TBSV_DI72,15.925,15.815,0.11,-51.677,0.5,-31.6842428
3,A03,na,8_10,DI73,pos_ctrl,12.055,23.95,-11.895,-8.494090909,0.500420698,0.451118926
1,A09,1,11_27,DI73,neg_plt,100,17.5,82.5,4.474135802,0.545212121,0.334515252
1,A07,30,3_23,DI72,TBSV,18.15,13.155,4.995,-46.792,0.552544248,-4.477274902
3,A03,na,8_1,DI73,pos_ctrl,12.605,19.605,-7,-3.599090909,0.558213716,0.47363069
1,E02,47,8_10,DI72,TBSV_DI72,17.9,16.35,1.55,-50.237,0.57195572,-12.19048775
2,E05,24,3_23,DI72,TBSV_DI72,14.77,16.19,-1.42,-53.207,0.58677686,52.73240833
1,E11,10,8_1,DI72,TBSV_DI72,17.515,18.335,-0.82,-52.607,0.592057762,-2023.346154
3,A11,46,8_10,DI72,TBSV,30.325,33.31,-2.985,-54.772,0.594621514,15.17650319
1,G02,25,3_23,DI72,TBSV_DI72,15.025,13.93,1.095,-50.692,0.613445378,-15.86107635
4,E08,38,8_1,DI72,rcvrd_leaf,14.69,12.19,2.5,-14.9350463,0.620347395,0.37854967
1,C10,27,4_9,DI72,TBSV,15.5,16.92,-1.42,-53.207,0.625550661,61.94062864
2,C11,6,11_27,DI72,neg_plt,33.395,24.855,8.54,-8.895046296,0.639940052,0.295140617
1,A02,na,4_9,DI72,pos_ctrl,29.005,22.205,6.8,21.67772727,0.645773979,1.401179132
3,G02,10,1_3,DI72,neg_plt,23.895,17.97,5.925,-11.5100463,0.649315068,0.335000135
2,G05,40,8_10,DI72,TBSV_DI73,16.97,20.1,-3.13,-54.917,0.649377593,16.10941625
2,C05,36,8_1,DI72,TBSV,15.485,17.165,-1.68,-53.467,0.651162791,45.73738238
1,G02,na,unk,DI72,neg_plt,26.23,17.99,8.24,-9.195046296,0.652156708,0.298072709
3,E11,45,8_1,DI72,TBSV_DI72,18.71,17.665,1.045,-50.742,0.672025723,-17.10788941
2,A10,16,4_9,DI72,TBSV,17.41,14.23,3.18,-48.607,0.686825054,-8.046184407
1,G04,na,unk,DI72,neg_plt,24.21,16.445,7.765,-9.670046296,0.688997338,0.300187695
1,G12,30,8_10,DI73,neg_plt,39.82,11.595,28.225,-49.8008642,0.71833481,0.466022703
3,G08,2,8_1,DI72,TBSV_DI73,16.85,17.68,-0.83,-52.617,0.734513274,-187.2491103
1,G06,na,unk,DI72,neg_plt,25.285,15.85,9.435,-8.000046296,0.746735259,0.259334798
4,E05,30,8_1,DI72,rcvrd_leaf,18.15,15.98,2.17,-15.2650463,0.753472222,0.375955495
3,E02,4,8_10,DI72,neg_plt,33.395,18.14,15.255,-2.180046296,0.754824344,0.093671425
1,G11,30,8_10,DI72,neg_plt,28.82,13.33,15.49,-1.945046296,0.763995068,0.083808099
3,G11,na,8_1,DI72,neg_plt,30.165,13.14,17.025,-0.410046296,0.772459165,0.019122321
1,G04,na,1_3,DI72,neg_plt,28.245,12.675,15.57,-1.865046296,0.784185344,0.078932622
2,A02,na,3_23,DI72,pos_ctrl,27.39666667,20.68666667,6.71,21.58772727,0.787250684,1.603319642
3,A02,na,3_23,DI72,pos_ctrl,31.07333333,23.30666667,7.766666667,22.64439394,0.817257103,1.567694293
1,A03,na,3_23,DI73,pos_ctrl,30.94333333,22.94666667,7.996666667,11.39757576,0.834144645,0.784539491
2,C12,8,4_9,DI72,TBSV,17.005,13.115,3.89,-47.897,0.848418757,-7.988158773
3,C02,9,8_1,DI72,TBSV,18.31,13.64,4.67,-47.117,0.857667585,-6.872374562
4,E11,35,8_1,DI72,rcvrd_leaf,14.62,12.21,2.41,-15.0250463,0.862254025,0.369271609
2,A06,na,8_10,DI73,neg_ctrl,100,36.2925,63.7075,22.55816667,0.86792003,0.589942941
3,E05,15,8_10,DI72,TBSV_DI72,18.27,22.91,-4.64,-56.427,0.882129278,14.66017147
3,A03,na,3_23,DI73,pos_ctrl,31.63,23.08333333,8.546666667,11.94757576,0.899333567,0.827142752
3,E02,33,8_1,DI72,TBSV_DI72,17.33,14.735,2.595,-49.192,0.931777379,-11.72354623
3,A06,na,8_1,DI73,neg_ctrl,100,30.3,69.7,28.55066667,0.94081123,0.733566002
1,A03,na,8_1,DI73,pos_ctrl,12.99,29.1,-16.11,-12.70909091,0.943484627,1.04740023
3,A06,na,8_10,DI73,neg_ctrl,100,34.26,65.74,24.59066667,0.94698934,0.717862932
1,A06,na,8_10,DI73,neg_ctrl,100,30.105,69.895,28.74566667,0.952215524,0.751758925
2,A02,na,8_1,DI72,pos_ctrl,10.495,23.275,-12.78,2.097727273,0.953375606,-0.247842899
3,C12,21,8_10,DI73,TBSV_DI72,100,16.03,83.97,12.815,0.971596999,6.476472883
1,C03,3,11_27,DI73,neg_plt,100,21.275,78.725,0.699135802,0.978850429,48.02595801
3,G03,11,11_27,DI73,neg_plt,100,18.29,81.71,3.684135802,0.993758414,10.2375886
1,A12,2,11_27,DI73,neg_plt,100,22.325,77.675,-0.350864198,0.994013518,-96.12456005
3,G09,13,11_27,DI73,neg_plt,100,17.845,82.155,4.129135802,0.995215021,0.105694602
1,C09,5,11_27,DI73,neg_plt,100,17.715,82.285,4.259135802,0.997812481,9.067958493
2,E12,10,11_27,DI73,neg_plt,100,19.045,80.955,2.929135802,0.998085356,12.7398213
3,G12,14,11_27,DI73,neg_plt,100,17.255,82.745,4.719135802,0.999577014,8.312256378
1,G11,na,8_1,DI72,neg_plt,31.12,31.12,0,-17.4350463,1,1.802995122
1,G12,na,8_1,DI73,neg_plt,100,15.04,84.96,6.934135802,1,-0.159466519
2,G08,16,8_10,DI72,TBSV_DI73,15.71,19.94,-4.23,-56.017,1,19.87123093
3,E03,36,8_10,DI73,TBSV_DI72,100,17.695,82.305,11.15,1.008444201,7.570493274
3,H12,37,8_10,DI73,neg_plt,100,13.73,86.27,8.244135802,1.0114756,5.310037064
2,E03,7,11_27,DI73,neg_plt,100,19.11,80.89,2.864135802,1.011682532,13.39031014
2,G12,37,8_10,DI73,neg_plt,100,13.84,86.16,8.134135802,1.01183844,5.372010959
1,C06,4,11_27,DI73,neg_plt,100,18.285,81.715,3.689135802,1.013583797,10.66419584
2,E09,9,11_27,DI73,neg_plt,100,21.44,78.56,0.534135802,1.014702138,67.83231256
3,G12,4,8_10,DI73,neg_plt,100,14.55,85.45,7.424135802,1.016898727,0.183101015
3,G06,12,11_27,DI73,neg_plt,100,21.965,78.035,0.009135802,1.024348049,3989.979935
1,G06,na,1_3,DI72,neg_plt,25.265,13.315,11.95,-5.485046296,1.045037167,0.17114919
2,E05,23,8_1,DI72,TBSV_DI72,16.24,14.06,2.18,-49.607,1.055690073,-14.27128884
2,A03,na,3_23,DI73,pos_ctrl,31.55333333,22.51666667,9.036666667,12.43757576,1.060226828,0.923738255
3,H08,16,8_10,DI72,TBSV_DI73,15.62,20.11,-4.49,-56.277,1.063981043,20.03453186
3,G09,17,3_23,DI72,TBSV_DI72,17.05,13.485,3.565,-48.222,1.086890244,-10.2796845
1,A03,na,8_10,DI73,pos_ctrl,12.79,27.23,-14.44,-11.03909091,1.100190476,1.348872515
1,G02,na,1_3,DI72,neg_plt,37.715,13.01,24.705,7.269953704,1.147202229,-0.331230331
1,E02,5,8_1,DI72,TBSV_DI72,16.11,15.67,0.44,-51.347,1.189189189,-28.83043234
3,G06,7,3_23,DI72,TBSV_DI72,16.015,18.03,-2.015,-53.802,1.21021021,211.8188976
1,A02,na,8_1,DI72,pos_ctrl,12.83,34.33,-21.5,-6.622272727,1.259150805,0.545764447
2,A03,na,8_1,DI73,pos_ctrl,12.665,29.71,-17.045,-13.64409091,1.27154047,1.612026064
3,E08,22,8_1,DI72,TBSV_DI72,18.775,13.615,5.16,-46.627,1.296482412,-8.649044704
3,H05,40,8_10,DI72,TBSV_DI73,16.46,21.16,-4.7,-56.487,1.316526611,26.16350162
2,A02,na,4_9,DI72,pos_ctrl,34.34666667,20.57666667,13.77,28.64772727,1.342541436,1.885000748
2,A03,na,4_9,DI73,pos_ctrl,34.34666667,20.34666667,14,17.40090909,1.364965875,1.144967848
2,A02,na,8_10,DI72,pos_ctrl,11.05,42.65666667,-31.60666667,-16.72893939,1.384031528,0.934807088
3,E02,18,3_23,DI72,TBSV_DI72,16.615,13.055,3.56,-48.227,1.47107438,-12.58861916
1,E08,39,8_1,DI72,TBSV_DI72,14.675,11.815,2.86,-48.927,1.505263158,-14.77710661
2,A05,na,4_9,DI73,neg_ctrl,33.55333333,11.69333333,21.86,-19.28933333,1.52547104,0.925830767
2,G11,na,8_1,DI72,neg_plt,42.005,10.1,31.905,14.4699537,1.579846497,-0.62133917
3,A02,na,8_1,DI72,pos_ctrl,10.21,30.91,-20.7,-5.822272727,1.650717703,0.766195442
3,A11,10,4_9,DI72,TBSV_DI73,20.005,16.095,3.91,-47.877,1.844339623,-13.55904843
3,A09,6,4_9,DI73,TBSV_DI73,29.985,33.43,-3.445,-74.6,1.849056604,0.066474531
2,E06,8,11_27,DI73,neg_plt,100,58.795,41.205,-36.8208642,1.995510254,-1.052166143
1,G02,30,8_1,DI72,TBSV_DI73,16.33,23.16333333,-6.833333333,-58.62033333,2.041832669,30.28431203
1,A05,na,3_23,DI72,neg_ctrl,28.54,12.055,16.485,44.89425926,2.042750929,-1.656943602
1,A02,na,8_10,DI72,pos_ctrl,14.705,41.565,-26.86,-11.98227273,2.04647619,1.464120414
3,C06,23,8_10,DI73,TBSV,31.655,35.44,-3.785,-74.94,2.184940555,0.091526555
3,G03,28,4_9,DI72,TBSV,23.095,12.69,10.405,-41.382,2.276805252,-6.918909881
1,G06,26,4_9,DI72,TBSV_DI73,14.71,13.375,1.335,-50.452,2.810526316,-26.75079533
3,G05,29,8_10,DI72,TBSV_DI73,27.22,40.1,-12.88,-64.667,2.830769231,20.60114686
2,C11,52,8_10,DI72,TBSV_DI72,16.33,21.535,-5.205,-56.992,3.315286624,358.4402516
2,G08,37,8_1,DI72,TBSV_DI73,19.1005,25.17,-6.0695,-57.8565,3.52877907,187.2378641
3,A02,na,8_10,DI72,pos_ctrl,10.735,100,-89.265,-74.38727273,3.755363904,3.950688416
3,G12,na,8_1,DI73,neg_plt,100,11.775,88.225,10.1991358,4.002949183,-0.475632013
1,D02,na,unk,DI72,neg_plt,79.29333333,15.67,63.62333333,46.18828704,4.050721561,-1.662844847
3,E03,4,8_10,DI73,neg_plt,100,17.215,82.785,4.759135802,4.096239485,-0.204488791
2,G12,na,8_1,DI73,neg_plt,100,11.3,88.7,10.6741358,4.392176281,-0.458346918
2,G06,21,4_9,DI72,TBSV_DI73,19.185,14.84,4.345,-47.442,4.526041667,-20.00927879
3,C05,21,8_1,DI72,TBSV,16.325,17.29,-0.965,-52.752,4.948717949,-43.38157895
3,F08,na,4_9,DI73,neg_ctrl,36.25333333,15.30666667,20.94666667,-20.20266667,5.352640546,0.646458691
3,D12,na,unk,DI73,neg_plt,100,26.51666667,73.48333333,-4.542530864,5.982360924,0.145593938
2,C03,19,8_1,DI73,TBSV,40.68,16.56,24.12,-47.035,6.380952381,-9.060874591
2,D06,na,unk,DI72,neg_plt,58.80333333,15.15,43.65333333,26.21828704,6.842215255,-0.706628884
3,D10,na,unk,DI72,neg_plt,100,15.77,84.23,66.7949537,6.857259161,-2.140863901
2,A05,na,3_23,DI72,neg_ctrl,32.92,12.27666667,20.64333333,49.05259259,6.927293064,-1.524100354
1,D04,na,unk,DI73,neg_plt,100,20.66,79.34,1.314135802,7.039929015,-0.040794779
3,C02,32,8_10,DI72,TBSV,29.495,100,-70.505,-122.292,7.773428886,15.96709753
1,E12,27,8_10,DI73,TBSV_DI72,100,10.9,89.1,17.945,8.048780488,1.437785434
3,C05,23,8_10,DI72,TBSV,16.74,100,-83.26,-135.047,10.06771463,19.68902172
2,E11,41,8_1,DI72,TBSV_DI72,16.1,13.705,2.395,-49.392,10.41304348,-30.09872029
3,E03,18,3_23,DI73,TBSV_DI72,40.855,13.725,27.13,-44.025,11.2107438,-11.4917776
3,C08,13,8_10,DI72,TBSV,16.64,100,-83.36,-135.147,11.74084507,23.75584461
2,D08,na,unk,DI73,neg_plt,100,23.7,76.3,-1.725864198,11.95924765,0.046515071
3,A12,na,unk,DI73,neg_plt,100,24.25,75.75,-2.275864198,12.69907795,0.060660056
1,G09,9,3_23,DI72,TBSV_DI72,23.72,13.955,9.765,-42.022,13.65734266,-19.76575729
3,A11,na,unk,DI72,neg_plt,100,16.12,83.88,66.4449537,14.0620285,-1.77099961
3,G02,34,8_10,DI72,TBSV_DI73,17.75,100,-82.25,-134.037,14.08390411,30.26349063
1,A05,na,4_9,DI73,neg_ctrl,30.1005,12.755,17.3455,-23.80383333,17.43266332,0.69663732
3,E12,18,8_10,DI73,TBSV_DI72,100,17.675,82.325,11.17,23.55507868,2.276803914
2,G05,15,8_1,DI72,TBSV_DI73,18.79,15.53,3.26,-48.527,25.07692308,-31.49059053
2,A08,10,8_10,DI72,TBSV,15.38,100,-84.62,-136.407,29.17931034,91.60980524
3,C12,6,3_23,DI72,TBSV,30.925,16.21,14.715,-37.072,35.8902439,-20.35804503
2,E06,23,8_1,DI73,TBSV_DI72,100,15.51,84.49,13.335,40.91525424,3.836306099
2,E08,38,8_1,DI72,TBSV_DI72,17.34,14.585,2.755,-49.032,55.1,-33.56057495
1,A11,51,8_10,DI72,TBSV,100,13.88,86.12,34.333,93.60869565,14.72887173
1,A12,51,8_10,DI73,TBSV,100,11.595,88.405,17.25,96.0923913,7.4002574
1,A08,5,8_10,DI72,TBSV,100,15.605,84.395,32.608,108.1987179,14.88270196
3,A07,4,4_9,DI72,TBSV_DI73,30.355,15.33,15.025,-36.762,130.6521739,-24.0904325
