timepoint,well,plant,date,target,exp_group,target_ct,18S_ct,dct,dct_ratio,2pwrnegratio,log_2pwrnegratio
3,E06,42,8_1,DI73,TBSV_DI72,100,31.79,68.21,-1240.181818,#NUM!,#NUM!
3,G03,50,8_1,DI73,TBSV_DI73,42.465,10.66,31.805,-1060.166667,#NUM!,#NUM!
2,G09,3,4_9,DI72,TBSV_DI73,20.225,14.15,6.075,-607.5,7.5114E+182,182.8757224
2,G10,3,4_9,DI73,TBSV_DI73,21.37,15.6,5.77,-577,4.9466E+173,173.6943075
3,C06,21,8_1,DI73,TBSV,100,32.57,67.43,-345.7948718,1.2435E+104,104.0946288
3,G04,19,3_23,DI73,TBSV_DI72,100,16.41,83.59,-298.5357143,7.38252E+89,89.86820478
3,A03,32,4_9,DI73,TBSV_DI73,100,18.93,81.07,-253.34375,1.83683E+76,76.26406796
3,C10,15,4_9,DI73,TBSV_DI73,100,17.375,82.625,-196.7261905,1.66144E+59,59.22048427
3,E05,24,4_9,DI73,TBSV,100,20.62,79.38,-176.4,1.26384E+53,53.10169124
3,C01,19,4_9,DI73,TBSV,100,18.1,81.9,-140,1.3938E+42,42.14419939
1,G07,27,3_23,DI73,TBSV_DI72,100,13.02,86.98,-119.1506849,7.37786E+35,35.86793017
1,G06,27,3_23,DI72,TBSV_DI72,100,14.375,85.625,-117.2945205,2.03783E+35,35.30916901
2,C11,29,4_9,DI73,TBSV,100,16.14,83.86,-101.0361446,2.59962E+30,30.41491016
3,E02,5,4_9,DI73,TBSV,100,20.925,79.075,-79.87373737,1.10762E+24,24.04439082
3,A08,16,3_23,DI73,TBSV,100,15.595,84.405,-72.14102564,5.2073E+21,21.71661264
3,G09,2,8_1,DI73,TBSV_DI73,100,29.68,70.32,-62.2300885,5.40908E+18,18.73312327
2,G04,30,4_9,DI73,TBSV_DI73,100,16.56,83.44,-56,7.20576E+16,16.85767976
2,E03,22,4_9,DI73,TBSV_DI73,100,17.705,82.295,-54.32013201,2.249E+16,16.3519891
1,G03,41,8_10,DI73,TBSV_DI73,100,15.915,84.085,-53.05047319,9.3279E+15,15.96978371
1,G02,41,8_10,DI72,TBSV_DI73,100,18.28,81.72,-51.55835962,3.31599E+15,15.52061277
3,A10,5,3_23,DI72,TBSV,100,14.94,85.06,-50.48071217,1.57112E+15,15.19620856
3,A11,5,3_23,DI73,TBSV,100,15.075,84.925,-50.40059347,1.48625E+15,15.17209043
1,E12,26,3_23,DI73,TBSV,100,14.915,85.085,-42.64912281,6.89708E+12,12.83866525
1,C12,26,3_23,DI72,TBSV,100,16.18,83.82,-42.01503759,4.44413E+12,12.64778658
3,E06,49,8_1,DI73,TBSV_DI73,100,14.855,85.145,-38.53586784,3.98522E+11,11.60045213
2,A08,10,3_23,DI73,TBSV,100,16.46,83.54,-37.46188341,1.893E+11,11.2771506
1,C03,43,8_10,DI73,TBSV,100,16.215,83.785,-37.32071269,1.71654E+11,11.23465398
2,G03,23,3_23,DI73,TBSV_DI72,100,15.505,84.495,-36.03198294,70259922907,10.84670767
2,A09,32,8_1,DI73,TBSV,100,19.055,80.945,-35.58021978,51370454264,10.71071341
1,E06,54,8_10,DI73,TBSV_DI72,100,16.32,83.68,-34.36550308,22133354664,10.34504724
2,A08,25,4_9,DI73,TBSV,100,18.46,81.54,-34.2605042,20579718562,10.31343943
1,E03,7,4_9,DI73,TBSV_DI73,100,17.095,82.905,-34.04722793,17751574317,10.24923687
3,C08,20,3_23,DI73,TBSV,100,16.955,83.045,-33.96523517,16770831561,10.2245546
1,E02,7,4_9,DI72,TBSV_DI73,100,17.56,82.44,-33.85626283,15550725454,10.19175065
3,A09,12,8_1,DI73,TBSV,100,19.525,80.475,-33.81302521,15091584244,10.17873483
1,E05,54,8_10,DI72,TBSV_DI72,100,19.11,80.89,-33.21971253,10002991910,10.00012992
3,G05,11,4_9,DI73,TBSV,100,18.535,81.465,-32.71686747,7059248539,9.848758473
3,G06,29,8_1,DI73,TBSV_DI73,100,29.18,70.82,-31.33628319,2711197726,9.433161192
1,C09,22,8_10,DI73,TBSV,37.01,25.565,11.445,-30.52,1539697724,9.187435468
1,A11,22,3_23,DI73,TBSV,30.96,13.225,17.735,-30.31623932,1336895280,9.12609739
3,E06,24,4_9,DI72,TBSV,30.81,17.375,13.435,-29.85555556,971443975.8,8.987417759
3,C11,15,4_9,DI72,TBSV_DI73,28.53,16.03,12.5,-29.76190476,910387029.1,8.959226061
2,A12,46,8_1,DI73,TBSV,100,19.215,80.785,-27.80895009,235140871.7,8.371328124
2,G03,14,4_9,DI73,TBSV_DI73,100,18.54,81.46,-24.75987842,28409663.73,7.453466093
1,C12,12,8_10,DI73,TBSV_DI72,28.115,14.01,14.105,-24.11111111,18120395.53,7.258167673
1,E05,18,4_9,DI72,TBSV_DI73,100,17.75,82.25,-23.73737374,13984969.17,7.145661513
2,E09,44,8_10,DI73,TBSV_DI72,100,20.52,79.48,-22.97109827,8222229.816,6.914989611
2,A11,2,3_23,DI73,TBSV,100,17.94,82.06,-22.57496561,6248011.214,6.7957418
1,C08,20,4_9,DI73,TBSV,100,15.675,84.325,-21.27002144,2528799.878,6.402914462
1,C07,20,4_9,DI72,TBSV,100,16.23,83.77,-21.13002901,2294946.367,6.36077254
2,C03,53,8_10,DI73,TBSV,100,19.37,80.63,-19.78650307,904338.3175,5.956330933
3,A09,24,8_10,DI73,TBSV,38.8,17.41,21.39,-19.44545455,713945.5607,5.853665098
3,C11,19,3_23,DI73,TBSV,100,18.82,81.18,-19.28266033,637762.7597,5.804659156
3,C12,3,8_1,DI73,TBSV_DI72,34.355,20.01,14.345,-17.28313253,159492.8838,5.202741311
1,G08,2,8_10,DI72,TBSV_DI73,100,22.97,77.03,-17.0420354,134947.1889,5.130163842
1,A08,12,4_9,DI73,TBSV,100,18.75,81.25,-16.98014629,129280.6015,5.111533364
2,C09,19,8_10,DI73,TBSV,100,16.51,83.49,-16.698,106316.0585,5.026598868
2,C03,24,8_1,DI73,TBSV_DI73,100,32.08,67.92,-16.64705882,102627.5699,5.011264045
3,A12,46,8_10,DI73,TBSV,100,19.92,80.08,-15.95219124,63399.82488,4.802088058
1,C12,2,4_9,DI72,TBSV,100,20.27,79.73,-15.43659245,44348.33894,4.646877358
1,E12,2,4_9,DI73,TBSV,100,20.72,79.28,-15.34946757,41749.39209,4.620650156
1,G03,23,4_9,DI73,TBSV_DI73,100,19.195,80.805,-15.13202247,35908.11928,4.555192659
1,A10,22,3_23,DI72,TBSV,23.895,15.085,8.81,-15.05982906,34155.47084,4.533460277
1,G02,23,4_9,DI72,TBSV_DI73,100,19.895,80.105,-15.00093633,32789.2738,4.515731798
1,G10,31,4_9,DI73,TBSV_DI73,100,17.165,82.835,-14.7524488,27601.30382,4.440929598
1,G09,31,4_9,DI72,TBSV_DI73,100,17.735,82.265,-14.650935,25725.91902,4.410370898
3,E05,42,8_1,DI72,TBSV_DI72,15.985,15.21,0.775,-14.09090909,17449.63321,4.241786303
3,E03,5,4_9,DI72,TBSV,31.93,18.66,13.27,-13.4040404,10839.72401,4.035018225
1,C08,15,3_23,DI73,TBSV,100,17.975,82.025,-13.27265372,9896.164192,3.995466892
1,C07,15,3_23,DI72,TBSV,100,20.68,79.32,-12.83495146,7306.432581,3.863705381
3,C09,31,8_1,DI73,TBSV,100,41.34,58.66,-12.64224138,6392.840479,3.805693868
3,A07,16,3_23,DI72,TBSV,30.605,15.97,14.635,-12.50854701,5827.03802,3.765447852
2,G09,37,8_1,DI73,TBSV_DI73,39,18.075,20.925,-12.16569767,4594.517586,3.662239918
1,A12,3,8_10,DI73,TBSV_DI73,26.5,14.46,12.04,-11.9800995,4039.887779,3.606369301
1,C11,31,3_23,DI73,TBSV,100,17.195,82.805,-11.28902522,2502.276017,3.398335213
1,C10,31,3_23,DI72,TBSV,100,18.01,81.99,-11.17791411,2316.794088,3.364887436
3,C12,1,8_10,DI73,TBSV_DI73,100,22.85,77.15,-11.173063,2309.016869,3.363427106
3,A04,32,4_9,DI72,TBSV_DI73,20.585,17.06,3.525,-11.015625,2070.301258,3.316033546
1,C03,18,8_1,DI73,TBSV,27.395,15.235,12.16,-10.21848739,1191.437366,3.076071216
2,E02,22,4_9,DI72,TBSV_DI73,30.995,15.57,15.425,-10.18151815,1161.294489,3.064942365
2,C12,52,8_10,DI73,TBSV_DI72,31.765,15.865,15.9,-10.12738854,1118.530232,3.048647727
1,C12,11,8_1,DI73,TBSV_DI72,28.95,16.94,12.01,-9.310077519,634.7644488,2.802612595
3,G02,50,8_1,DI72,TBSV_DI73,17.27,16.995,0.275,-9.166666667,574.7005687,2.759441627
1,E12,10,8_1,DI73,TBSV_DI72,31.33,18.7,12.63,-9.119133574,556.074193,2.74513274
3,E01,19,4_9,DI72,TBSV,21.55,16.32,5.23,-8.94017094,491.2014265,2.691259619
3,C11,3,8_1,DI72,TBSV_DI72,16.935,9.93,7.005,-8.439759036,347.232707,2.540620626
2,C10,29,4_9,DI72,TBSV,21.315,14.32,6.995,-8.427710843,344.3449821,2.536993759
3,G07,7,3_23,DI73,TBSV_DI72,30.075,16.71,13.365,-8.027027027,260.8410328,2.416375911
2,G03,20,8_1,DI73,TBSV_DI73,29.5,18.06,11.44,-7.916955017,241.6801237,2.383240935
1,A09,51,8_1,DI73,TBSV,29.425,16.095,13.33,-7.304109589,158.0360179,2.198756078
2,C06,36,8_1,DI73,TBSV,29.235,12.11,17.125,-6.637596899,99.56707886,1.998115766
1,C02,43,8_10,DI72,TBSV,32.475,18.09,14.385,-6.407572383,84.89292288,1.928871487
3,E05,49,8_1,DI72,TBSV_DI73,26.37,12.62,13.75,-6.223127404,74.7047154,1.873348016
2,E06,49,8_10,DI73,TBSV_DI72,37.185,18.43,18.755,-6.149180328,70.97211171,1.851087727
3,G08,7,8_10,DI72,TBSV_DI73,28.99,1.81,27.18,-5.960526316,62.27263044,1.794297211
3,A08,12,8_1,DI72,TBSV,30.94,17.41,13.53,-5.68487395,51.44196865,1.71131758
1,E09,17,8_10,DI73,TBSV_DI72,27.425,16.365,11.06,-5.543859649,46.65176144,1.668868046
2,C08,12,3_23,DI73,TBSV,36.78,17.195,19.585,-5.300405954,39.40770844,1.595581181
2,A09,10,8_10,DI73,TBSV,34.115,18.91,15.205,-5.243103448,37.87314829,1.578331408
3,A08,24,8_10,DI72,TBSV,17.025,11.34,5.685,-5.168181818,35.9565281,1.55577775
3,C09,33,8_10,DI73,TBSV_DI73,100,21.71,78.29,-4.933207309,30.55226237,1.485043375
2,C06,42,8_10,DI73,TBSV,41.115,17.175,23.94,-4.841253792,28.66570373,1.457362608
2,G07,21,3_23,DI73,TBSV_DI72,34.28,17.015,17.265,-4.51372549,22.84371666,1.358766765
2,C05,48,8_10,DI72,TBSV_DI73,27.155,15.98,11.175,-4.478957916,22.29978531,1.348300682
2,C09,48,8_1,DI73,TBSV,29.62,18.095,11.525,-4.475728155,22.24991864,1.347328427
1,C11,27,4_9,DI73,TBSV,26.175,16.325,9.85,-4.339207048,20.24097735,1.306231479
2,C08,17,4_9,DI73,TBSV,39.765,18.555,21.21,-4.267605634,19.26093233,1.284677305
1,G04,18,4_9,DI73,TBSV_DI73,31.135,16.37,14.765,-4.261183261,19.17537998,1.282743979
3,H06,40,8_10,DI73,TBSV_DI73,32.89,18.44,14.45,-4.047619048,16.53692453,1.218454744
1,G09,16,8_1,DI73,TBSV_DI73,30.11,20.04,10.07,-3.941291585,15.36197269,1.186446989
2,G02,14,4_9,DI72,TBSV_DI73,29.59,17.01,12.58,-3.823708207,14.15959608,1.151050865
2,A07,25,4_9,DI72,TBSV,26.75,18.115,8.635,-3.628151261,12.36466511,1.092182358
2,A11,46,8_1,DI72,TBSV,25.21,14.685,10.525,-3.623063683,12.32113865,1.090650845
1,C11,12,8_10,DI72,TBSV_DI72,17.1005,15.125,1.9755,-3.376923077,10.3885549,1.016555139
2,C07,12,3_23,DI72,TBSV,29.955,17.565,12.39,-3.353179973,10.21898479,1.009407753
2,E05,30,4_9,DI72,TBSV_DI73,19.9,15.05,4.85,-3.255033557,9.546908002,0.979862738
3,C10,19,3_23,DI72,TBSV,31.385,18.755,12.63,-3,8,0.903089987
1,G06,14,8_10,DI73,TBSV_DI73,26.575,17.785,8.79,-2.87254902,7.323579813,0.864723419
1,A06,4,8_1,DI73,TBSV_DI73,27.135,17.99,9.145,-2.853354134,7.226785802,0.858945183
1,A07,12,4_9,DI72,TBSV,31.105,18.095,13.01,-2.718913271,6.583766959,0.81847445
3,G03,34,8_10,DI73,TBSV_DI73,39.62,24.14,15.48,-2.650684932,6.279653393,0.797935673
3,G06,11,4_9,DI72,TBSV,23.865,17.265,6.6,-2.65060241,6.279294209,0.797910832
2,G06,40,8_10,DI73,TBSV_DI73,30.39,17.99,12.4,-2.572614108,5.948863635,0.774434014
2,C11,3,3_23,DI73,TBSV,32.125,17.56,14.565,-2.568783069,5.933087538,0.773280756
2,G09,16,8_10,DI73,TBSV_DI73,26.62,16.65,9.97,-2.356973995,5.122947103,0.709519872
3,G09,7,8_10,DI73,TBSV_DI73,32.72,22.09,10.63,-2.331140351,5.032029399,0.70174317
2,C06,34,8_1,DI73,TBSV_DI73,29.66,19.335,10.325,-2.259299781,4.787590575,0.680117003
3,C09,13,8_10,DI73,TBSV,29.32,13.29,16.03,-2.257746479,4.782438707,0.679649413
3,H09,16,8_10,DI73,TBSV_DI73,26.54,17.04,9.5,-2.251184834,4.760736679,0.677674161
2,E03,39,8_10,DI73,TBSV_DI72,29.67,18.075,11.595,-2.173383318,4.510799989,0.654253571
1,C09,43,8_1,DI73,TBSV,26.925,17.905,9.02,-2.139976275,4.407547982,0.644197049
3,E06,15,8_10,DI73,TBSV_DI72,34.825,24.22,10.605,-2.016159696,4.045056057,0.606924544
2,C02,8,8_10,DI72,TBSV_DI73,29.11,18.97,10.14,-1.936962751,3.82898697,0.583083888
1,E05,13,8_1,DI72,TBSV_DI72,16.265,16.855,-0.59,-1.903225806,3.740486195,0.572928056
1,A12,14,8_1,DI73,TBSV,27.26,18.99,8.27,-1.85634119,3.62088207,0.55881438
1,C02,18,8_1,DI72,TBSV,16.1005,13.99,2.1105,-1.773529412,3.418893331,0.533885551
1,C06,26,8_1,DI73,TBSV,30.515,19.87,10.645,-1.743652744,3.348819793,0.524891778
1,A11,3,8_10,DI72,TBSV_DI73,17.5,15.76,1.74,-1.731343284,3.320368317,0.521186261
1,E03,28,3_23,DI73,TBSV_DI72,28.68,17.82,10.86,-1.673343606,3.189529463,0.503726618
1,G03,30,8_1,DI73,TBSV_DI73,24.57666667,19.05666667,5.52,-1.64940239,3.137036663,0.496519594
2,C08,19,8_10,DI72,TBSV,29.4,21.205,8.195,-1.639,3.114498764,0.493388163
2,G02,23,3_23,DI72,TBSV_DI72,19.485,15.67,3.815,-1.626865672,3.088412959,0.489735366
1,C08,22,8_10,DI72,TBSV,17.21,16.665,0.545,-1.453333333,2.738400258,0.437496927
1,G05,14,8_10,DI72,TBSV_DI73,22.875,18.575,4.3,-1.405228758,2.648597757,0.423016007
2,E08,44,8_10,DI72,TBSV_DI72,16.535,12.125,4.41,-1.274566474,2.419261088,0.38368274
3,C03,32,8_10,DI73,TBSV,35.825,24.265,11.56,-1.274531422,2.41920231,0.383672189
2,G03,25,8_10,DI73,TBSV_DI73,20.25,16.26,3.99,-1.201807229,2.300276406,0.361780025
2,C02,24,8_1,DI72,TBSV_DI73,21.11,16.235,4.875,-1.194852941,2.289214962,0.359686576
2,E05,49,8_10,DI72,TBSV_DI72,16.185,12.57,3.615,-1.185245902,2.274021511,0.356794569
2,C06,48,8_10,DI73,TBSV_DI73,18.825,15.99,2.835,-1.136272545,2.198123652,0.342052119
1,A08,51,8_1,DI72,TBSV,16.525,14.73,1.795,-0.983561644,1.977340936,0.296081557
3,H03,25,8_10,DI73,TBSV_DI73,20.31,16.29,4.02,-0.924137931,1.89755004,0.278193237
1,A09,38,8_10,DI73,TBSV_DI73,25.38,18.91,6.47,-0.89923558,1.8650775,0.270696883
2,C07,17,4_9,DI72,TBSV,22.375,17.97,4.405,-0.886317907,1.848452419,0.266808276
3,H02,25,8_10,DI72,TBSV_DI73,22.25,18.82,3.43,-0.788505747,1.727284523,0.237363882
2,E02,11,3_23,DI72,TBSV_DI72,16.27,16.875,-0.605,-0.75625,1.689094447,0.227653934
3,C11,1,8_10,DI72,TBSV_DI73,28.365,23.27,5.095,-0.737871108,1.667713086,0.222121336
2,G02,25,8_10,DI72,TBSV_DI73,22.08,19.67,2.41,-0.725903614,1.653936235,0.218518762
1,C08,43,8_1,DI72,TBSV,17.4,14.72,2.68,-0.635824437,1.553825439,0.191402227
3,C08,33,8_10,DI72,TBSV_DI73,27.375,17.51,9.865,-0.621613106,1.538594554,0.187124191
2,C11,17,8_1,DI72,TBSV_DI72,16.335,17.09,-0.755,-0.594488189,1.509936825,0.178958777
2,A11,26,8_10,DI72,TBSV,15.535,17.29,-1.755,-0.589915966,1.505159073,0.177582401
2,G06,21,3_23,DI72,TBSV_DI72,19.72,17.47,2.25,-0.588235294,1.503406654,0.177076468
2,A10,2,3_23,DI72,TBSV,20.52,18.51,2.01,-0.552957359,1.467089982,0.166456751
3,C07,20,3_23,DI72,TBSV,19.27,18.095,1.175,-0.480572597,1.395297342,0.144666767
3,E11,18,8_10,DI72,TBSV_DI72,17.605,19.1005,-1.4955,-0.427896996,1.345271157,0.128809831
2,C03,8,8_10,DI73,TBSV_DI73,19.285,17.095,2.19,-0.418338109,1.336387236,0.125932319
1,C11,11,8_1,DI72,TBSV_DI72,17.365,16.89,0.475,-0.368217054,1.290756671,0.110844378
2,A08,32,8_1,DI72,TBSV,17.88,17.15,0.73,-0.320879121,1.249091464,0.09659424
2,A07,10,3_23,DI72,TBSV,17.43,16.73,0.7,-0.313901345,1.243064662,0.094493721
3,E08,35,8_10,DI72,TBSV_DI72,18.44,20.085,-1.645,-0.22006689,1.16478759,0.066246735
2,C08,48,8_1,DI72,TBSV,17.23,16.75,0.48,-0.186407767,1.137926809,0.056114329
1,A02,35,8_1,DI72,TBSV_DI73,9.97,11.01,-1.04,-0.183259912,1.135446643,0.05516673
1,G09,2,8_10,DI73,TBSV_DI73,18.265,17.475,0.79,-0.174778761,1.12879129,0.05261365
3,C08,31,8_1,DI72,TBSV,19.125,18.415,0.71,-0.153017241,1.111892445,0.04606278
1,C05,26,8_1,DI72,TBSV,19.81,19.195,0.615,-0.100737101,1.072321192,0.030324889
2,G02,20,8_1,DI72,TBSV_DI73,16.255,16.205,0.05,-0.034602076,1.024274269,0.010416263
3,G06,29,8_10,DI73,TBSV_DI73,100,100,0,0,1,0
1,A10,33,4_9,DI72,TBSV,13.335,13.26,0.075,0.02617801,0.982018419,-0.007880366
1,E02,28,3_23,DI72,TBSV_DI72,20.505,20.715,-0.21,0.032357473,0.977821158,-0.00974057
2,G09,33,3_23,DI72,TBSV_DI72,16.37,16.365,0.005,0.037037037,0.974654609,-0.011149259
1,A05,4,8_1,DI72,TBSV_DI73,16.14,16.335,-0.195,0.060842434,0.958704139,-0.018315398
2,E02,39,8_10,DI72,TBSV_DI72,16.015,16.415,-0.4,0.07497657,0.949357539,-0.022570196
2,E05,24,3_23,DI72,TBSV_DI72,14.77,16.19,-1.42,0.118185601,0.921345648,-0.035577411
2,C10,3,3_23,DI72,TBSV,17.1005,17.775,-0.6745,0.118959436,0.920851589,-0.035810358
3,E02,27,8_1,DI72,TBSV_DI73,16.76,16.665,0.095,0.153225806,0.899237555,-0.046125564
3,E02,36,8_10,DI72,TBSV_DI72,33.095,19.695,13.4,0.161445783,0.894128579,-0.048600023
2,G11,37,8_10,DI72,neg_plt,29.61,14.88,14.73,0.168960771,0.88948318,-0.05086226
3,H11,37,8_10,DI72,neg_plt,30.06,15.21,14.85,0.170181068,0.888731132,-0.051229606
3,G05,29,8_1,DI72,TBSV_DI73,17.23,17.625,-0.395,0.174778761,0.885903363,-0.05261365
3,C11,21,8_10,DI72,TBSV_DI72,32.53,17.095,15.435,0.189189189,0.877098522,-0.056951621
3,E05,19,3_23,DI72,TBSV_DI72,16.58,16.64,-0.06,0.214285714,0.861972821,-0.064506428
1,E08,17,8_10,DI72,TBSV_DI72,17.565,18,-0.435,0.218045113,0.859729602,-0.065638119
1,C05,50,8_10,DI72,TBSV,13.605,12.41,1.195,0.218664227,0.859360739,-0.065824491
2,C02,53,8_10,DI72,TBSV,29.47,30.38,-0.91,0.223312883,0.856596161,-0.067223876
1,E05,32,3_23,DI72,TBSV_DI72,16.135,19.17,-3.035,0.230360531,0.852421844,-0.06934543
1,A11,14,8_1,DI72,TBSV,16.005,17.055,-1.05,0.235690236,0.849278577,-0.070949831
3,C08,6,4_9,DI72,TBSV_DI73,19.365,20.935,-1.57,0.246467818,0.842957723,-0.074194206
1,A08,38,8_10,DI72,TBSV_DI73,17.205,19.01,-1.805,0.250868659,0.840390257,-0.075518991
4,G02,5,8_1,DI72,rcvrd_leaf,12.835,11.325,1.51,0.281716418,0.822611749,-0.084805092
2,E11,31,8_10,DI72,TBSV_DI72,16.78,13.99,2.79,0.282103134,0.822391276,-0.084921505
3,E02,4,8_10,DI72,neg_plt,33.395,18.14,15.255,0.292689946,0.816378478,-0.088108453
4,G05,18,8_1,DI72,rcvrd_leaf,14.72,13.495,1.225,0.300613497,0.811907065,-0.09049368
2,C02,19,8_1,DI72,TBSV,16.23,14.97,1.26,0.333333333,0.793700526,-0.100343332
3,A11,40,8_1,DI72,TBSV,18.135,16.305,1.83,0.340465116,0.789786648,-0.102490212
3,G11,4,8_10,DI72,neg_plt,33.04,14.3,18.74,0.359554873,0.779405019,-0.108236802
1,G08,16,8_1,DI72,TBSV_DI73,17.865,18.91,-1.045,0.409001957,0.753144212,-0.123121857
1,A08,8,8_1,DI72,TBSV_DI73,15.50333333,17.17666667,-1.673333333,0.419732441,0.747563253,-0.126352055
2,C05,42,8_10,DI72,TBSV,27.73,29.87,-2.14,0.432760364,0.740842945,-0.13027385
2,E02,7,8_1,DI72,TBSV_DI72,15.84,15.63,0.21,0.432989691,0.740725192,-0.130342885
1,E11,27,8_10,DI72,TBSV_DI72,17.64,12.835,4.805,0.434056007,0.740177914,-0.130663878
3,C06,23,8_10,DI73,TBSV,31.655,35.44,-3.785,0.457678356,0.728157097,-0.137774913
2,C05,34,8_1,DI72,TBSV_DI73,15.155,17.305,-2.15,0.470459519,0.721734679,-0.141622427
3,G02,4,3_23,DI72,TBSV_DI72,15.925,15.815,0.11,0.5,0.707106781,-0.150514998
3,A09,6,4_9,DI73,TBSV_DI73,29.985,33.43,-3.445,0.540816327,0.687381855,-0.162801936
1,A07,30,3_23,DI72,TBSV,18.15,13.155,4.995,0.552544248,0.681816658,-0.166332393
1,E02,47,8_10,DI72,TBSV_DI72,17.9,16.35,1.55,0.57195572,0.672704251,-0.172175828
1,E11,10,8_1,DI72,TBSV_DI72,17.515,18.335,-0.82,0.592057762,0.663396009,-0.178227145
3,A11,46,8_10,DI72,TBSV,30.325,33.31,-2.985,0.594621514,0.662218163,-0.178998912
1,G02,25,3_23,DI72,TBSV_DI72,15.025,13.93,1.095,0.613445378,0.653633858,-0.18466546
4,E08,38,8_1,DI72,rcvrd_leaf,14.69,12.19,2.5,0.620347395,0.650514268,-0.186743173
1,C10,27,4_9,DI72,TBSV,15.5,16.92,-1.42,0.625550661,0.64817233,-0.188309513
2,G05,40,8_10,DI72,TBSV_DI73,16.97,20.1,-3.13,0.649377593,0.637555308,-0.195482134
2,C05,36,8_1,DI72,TBSV,15.485,17.165,-1.68,0.651162791,0.636766882,-0.196019532
3,E11,45,8_1,DI72,TBSV_DI72,18.71,17.665,1.045,0.672025723,0.627624805,-0.202299901
2,A10,16,4_9,DI72,TBSV,17.41,14.23,3.18,0.686825054,0.621219467,-0.206754943
3,G08,2,8_1,DI72,TBSV_DI73,16.85,17.68,-0.83,0.734513274,0.601020758,-0.221110528
4,E05,30,8_1,DI72,rcvrd_leaf,18.15,15.98,2.17,0.753472222,0.59317421,-0.22681774
1,G11,30,8_10,DI72,neg_plt,28.82,13.33,15.49,0.763995068,0.588863408,-0.229985432
2,C12,8,4_9,DI72,TBSV,17.005,13.115,3.89,0.848418757,0.555393132,-0.255399495
3,C02,9,8_1,DI72,TBSV,18.31,13.64,4.67,0.857667585,0.551844007,-0.258183669
4,E11,35,8_1,DI72,rcvrd_leaf,14.62,12.21,2.41,0.862254025,0.550092438,-0.259564325
3,E05,15,8_10,DI72,TBSV_DI72,18.27,22.91,-4.64,0.882129278,0.542566065,-0.265547373
3,E02,33,8_1,DI72,TBSV_DI72,17.33,14.735,2.595,0.931777379,0.524212122,-0.28049294
2,G12,37,8_10,DI73,neg_plt,100,13.84,86.16,0.988300069,0.504071374,-0.297507965
3,H12,37,8_10,DI73,neg_plt,100,13.73,86.27,0.988654595,0.503947519,-0.297614689
3,E03,36,8_10,DI73,TBSV_DI72,100,17.695,82.305,0.991626506,0.50291047,-0.298509323
2,G08,16,8_10,DI72,TBSV_DI73,15.71,19.94,-4.23,1,0.5,-0.301029996
3,C12,21,8_10,DI73,TBSV_DI72,100,16.03,83.97,1.029233315,0.489970462,-0.3098301
2,E05,23,8_1,DI72,TBSV_DI72,16.24,14.06,2.18,1.055690073,0.481067062,-0.317794378
3,H08,16,8_10,DI72,TBSV_DI73,15.62,20.11,-4.49,1.063981043,0.478310364,-0.320290209
3,G09,17,3_23,DI72,TBSV_DI72,17.05,13.485,3.565,1.086890244,0.470775046,-0.327186565
1,E02,5,8_1,DI72,TBSV_DI72,16.11,15.67,0.44,1.189189189,0.438549261,-0.357981616
3,G06,7,3_23,DI72,TBSV_DI72,16.015,18.03,-2.015,1.21021021,0.432205636,-0.364309574
3,E08,22,8_1,DI72,TBSV_DI72,18.775,13.615,5.16,1.296482412,0.407117626,-0.390280095
3,H05,40,8_10,DI72,TBSV_DI73,16.46,21.16,-4.7,1.316526611,0.401500416,-0.396314
1,G12,30,8_10,DI73,neg_plt,39.82,11.595,28.225,1.392108508,0.38100755,-0.419066418
3,E02,18,3_23,DI72,TBSV_DI72,16.615,13.055,3.56,1.47107438,0.360713574,-0.442837514
1,E08,39,8_1,DI72,TBSV_DI72,14.675,11.815,2.86,1.505263158,0.352265927,-0.453129362
3,E03,4,8_10,DI73,neg_plt,100,17.215,82.785,1.588353799,0.332550697,-0.478142137
3,G12,4,8_10,DI73,neg_plt,100,14.55,85.45,1.639485802,0.320970853,-0.493534404
3,A11,10,4_9,DI72,TBSV_DI73,20.005,16.095,3.91,1.844339623,0.278482848,-0.555201549
1,G02,30,8_1,DI72,TBSV_DI73,16.33,23.16333333,-6.833333333,2.041832669,0.24285504,-0.61465288
3,G03,28,4_9,DI72,TBSV,23.095,12.69,10.405,2.276805252,0.206354206,-0.685386675
1,A09,8,8_1,DI73,TBSV_DI73,25.59333333,36.46,-10.86666667,2.725752508,0.15117039,-0.820533266
1,A03,35,8_1,DI73,TBSV_DI73,24.11,8.26,15.85,2.792951542,0.144290524,-0.840762191
1,G06,26,4_9,DI72,TBSV_DI73,14.71,13.375,1.335,2.810526316,0.142543453,-0.846052725
3,G05,29,8_10,DI72,TBSV_DI73,27.22,40.1,-12.88,2.830769231,0.140557347,-0.852146449
2,C11,52,8_10,DI72,TBSV_DI72,16.33,21.535,-5.205,3.315286624,0.100461413,-0.998000718
1,C06,50,8_10,DI73,TBSV,29.365,11.065,18.3,3.348581885,0.098169462,-1.00802359
2,G08,37,8_1,DI72,TBSV_DI73,19.1005,25.17,-6.0695,3.52877907,0.086642635,-1.062268348
4,G03,5,8_1,DI73,rcvrd_leaf,30.505,8.395,22.11,4.125,0.057312753,-1.241748732
2,G06,21,4_9,DI72,TBSV_DI73,19.185,14.84,4.345,4.526041667,0.043403594,-1.362474303
3,C05,21,8_1,DI72,TBSV,16.325,17.29,-0.965,4.948717949,0.032380791,-1.489712543
1,A11,33,4_9,DI73,TBSV,29.08,13.195,15.885,5.544502618,0.021425867,-1.669061599
1,E03,47,8_10,DI73,TBSV_DI72,31.035,14.92,16.115,5.946494465,0.016215368,-1.790073203
4,E09,38,8_1,DI73,rcvrd_leaf,33.65,8.72,24.93,6.186104218,0.013734001,-1.862202926
2,C03,19,8_1,DI73,TBSV,40.68,16.56,24.12,6.380952381,0.011998914,-1.920858068
4,E12,35,8_1,DI73,rcvrd_leaf,30.94,11.41,19.53,6.987477639,0.007880606,-2.103440363
3,C02,32,8_10,DI72,TBSV,29.495,100,-70.505,7.773428886,0.004570511,-2.340035264
1,E12,27,8_10,DI73,TBSV_DI72,100,10.9,89.1,8.048780488,0.00377638,-2.422924355
2,E12,31,8_10,DI73,TBSV_DI72,100,12.83,87.17,8.813953488,0.002221957,-2.65326438
1,G03,25,3_23,DI73,TBSV_DI72,29.57,13.03,16.54,9.266106443,0.001624142,-2.789375982
2,A12,26,8_10,DI73,TBSV,38.78,10.695,28.085,9.440336134,0.001439381,-2.841824346
1,A08,30,3_23,DI73,TBSV,100,11.875,88.125,9.748340708,0.001162672,-2.934542961
3,C05,23,8_10,DI72,TBSV,16.74,100,-83.26,10.06771463,0.000931785,-3.030684092
2,E11,41,8_1,DI72,TBSV_DI72,16.1,13.705,2.395,10.41304348,0.000733435,-3.134638433
1,E09,39,8_1,DI73,TBSV_DI72,32.085,12.1005,19.9845,10.51815789,0.000681897,-3.166281025
2,C12,17,8_1,DI73,TBSV_DI72,31.57,18.175,13.395,10.54724409,0.000668287,-3.175036844
3,E09,35,8_10,DI73,TBSV_DI72,100,17.1,82.9,11.090301,0.000458656,-3.338513263
3,E03,18,3_23,DI73,TBSV_DI72,40.855,13.725,27.13,11.2107438,0.00042192,-3.374770158
3,C08,13,8_10,DI72,TBSV,16.64,100,-83.36,11.74084507,0.000292182,-3.534346541
1,G09,9,3_23,DI72,TBSV_DI72,23.72,13.955,9.765,13.65734266,7.73981E-05,-4.111269801
3,G02,34,8_10,DI72,TBSV_DI73,17.75,100,-82.25,14.08390411,5.75867E-05,-4.239677593
3,A12,40,8_1,DI73,TBSV,100,17.38,82.62,15.37116279,2.35949E-05,-4.627181068
3,C03,9,8_1,DI73,TBSV,100,15.1005,84.8995,15.59219467,2.02433E-05,-4.693718295
2,E03,11,3_23,DI73,TBSV_DI72,30.435,16.52,13.915,17.39375,5.8071E-06,-5.236040487
2,A11,16,4_9,DI73,TBSV,100,15.41,84.59,18.2699784,3.16365E-06,-5.499811519
2,E12,8,4_9,DI73,TBSV,100,13.895,86.105,18.77971647,2.22199E-06,-5.653257967
3,G02,28,4_9,DI73,TBSV,100,13.695,86.305,18.88512035,2.06544E-06,-5.684987697
3,E09,22,8_1,DI73,TBSV_DI72,100,16.475,83.525,20.9861809,4.81427E-07,-6.317469947
4,G06,18,8_1,DI73,rcvrd_leaf,100,13.54,86.46,21.21717791,4.10198E-07,-6.387006975
3,E03,27,8_1,DI73,TBSV_DI73,34.505,19.985,14.52,23.41935484,8.91398E-08,-7.049928286
3,E12,18,8_10,DI73,TBSV_DI72,100,17.675,82.325,23.55507868,8.11362E-08,-7.090785234
2,G05,15,8_1,DI72,TBSV_DI73,18.79,15.53,3.26,25.07692308,2.82549E-08,-7.548906045
3,G10,17,3_23,DI73,TBSV_DI72,100,15.02,84.98,25.90853659,1.58764E-08,-7.799246656
2,E03,7,8_1,DI73,TBSV_DI72,30.07,17.11,12.96,26.72164948,9.03612E-09,-8.044018028
3,E03,33,8_1,DI73,TBSV_DI72,100,19.055,80.945,29.06463196,1.78104E-09,-8.749326032
2,A08,10,8_10,DI72,TBSV,15.38,100,-84.62,29.17931034,1.64495E-09,-8.783847667
1,G07,26,4_9,DI73,TBSV_DI73,26.82,12.82,14,29.47368421,1.34133E-09,-8.87246303
4,E06,30,8_1,DI73,rcvrd_leaf,100,14.125,85.875,29.81770833,1.05676E-09,-8.97602461
1,E03,5,8_1,DI73,TBSV_DI72,30.195,17.68,12.515,33.82432432,6.57452E-11,-10.1821362
3,C12,6,3_23,DI72,TBSV,30.925,16.21,14.715,35.8902439,1.57022E-11,-10.80403997
3,A10,10,4_9,DI73,TBSV_DI73,100,17.59,82.41,38.87264151,1.98687E-12,-11.70183111
1,G10,9,3_23,DI73,TBSV_DI72,40.83,12.325,28.505,39.86713287,9.97234E-13,-12.00120283
2,E06,23,8_1,DI73,TBSV_DI72,100,15.51,84.49,40.91525424,4.8226E-13,-12.31671881
1,E06,13,8_1,DI73,TBSV_DI72,33.41,17.215,16.195,52.24193548,1.87763E-16,-15.72638961
3,E12,45,8_1,DI73,TBSV_DI72,100,17.44,82.56,53.09324759,1.04073E-16,-15.98266009
2,E08,38,8_1,DI72,TBSV_DI72,17.34,14.585,2.755,55.1,2.58969E-17,-16.58675276
2,G06,15,8_1,DI73,TBSV_DI73,24.365,15.755,8.61,66.23076923,1.15492E-20,-19.93744817
3,G03,4,3_23,DI73,TBSV_DI72,33.805,16.57,17.235,78.34090909,2.61238E-24,-23.58296352
2,E12,41,8_1,DI73,TBSV_DI72,35.74,17.255,18.485,80.36956522,6.40251E-25,-24.19364987
2,G07,21,4_9,DI73,TBSV_DI73,100,16.23,83.77,87.26041667,5.39507E-27,-26.26800285
1,A11,51,8_10,DI72,TBSV,100,13.88,86.12,93.60869565,6.62178E-29,-28.17902525
1,A12,51,8_10,DI73,TBSV,100,11.595,88.405,96.0923913,1.18388E-29,-28.92669214
1,A08,5,8_10,DI72,TBSV,100,15.605,84.395,108.1987179,2.68498E-33,-32.57105959
1,A09,5,8_10,DI73,TBSV,100,12.965,87.035,111.5833333,2.57081E-34,-33.58993035
2,G10,33,3_23,DI73,TBSV_DI72,32.07,16.68,15.39,114,4.81482E-35,-34.31741951
3,A07,4,4_9,DI72,TBSV_DI73,30.355,15.33,15.025,130.6521739,4.67495E-40,-39.33022335
3,E12,6,3_23,DI73,TBSV,100,15.59,84.41,205.8780488,1.05811E-62,-61.97546813
2,E09,38,8_1,DI73,TBSV_DI72,40.32,16.775,23.545,470.9,1.7578E-142,-141.755025
3,A06,4,4_9,DI73,TBSV_DI73,100,15.96,84.04,730.7826087,1.0292E-220,-219.9874855
3,C10,1,8_10,TBSV,TBSV_DI73,15.155,22.06,-6.905,,,
1,A12,2,4_9,TBSV,TBSV,15.715,20.88,-5.165,,,
1,G07,2,8_10,TBSV,TBSV_DI73,12.365,16.885,-4.52,,,
2,A09,2,3_23,TBSV,TBSV,14.2,17.835,-3.635,,,
3,G07,2,8_1,TBSV,TBSV_DI73,16.085,17.215,-1.13,,,
1,A10,3,8_10,TBSV,TBSV_DI73,15.01,16.015,-1.005,,,
2,C09,3,3_23,TBSV,TBSV,15.035,20.705,-5.67,,,
2,G08,3,4_9,TBSV,TBSV_DI73,14.38,14.39,-0.01,,,
3,C10,3,8_1,TBSV,TBSV_DI72,17.855,18.685,-0.83,,,
1,A04,4,8_1,TBSV,TBSV_DI73,12.67,15.875,-3.205,,,
3,G01,4,3_23,TBSV,TBSV_DI72,16.49,16.27,0.22,,,
3,A08,4,4_9,TBSV,TBSV_DI73,17.68,17.565,0.115,,,
3,G10,4,8_10,TBSV,neg_plt,100,15.97,84.03,,,
3,E01,4,8_10,TBSV,neg_plt,38.11,17.9,20.21,,,
1,E01,5,8_1,TBSV,TBSV_DI72,15.955,15.585,0.37,,,
1,A07,5,8_10,TBSV,TBSV,13.11,12.33,0.78,,,
3,A09,5,3_23,TBSV,TBSV,13.51,15.195,-1.685,,,
3,E04,5,4_9,TBSV,TBSV,17.665,18.655,-0.99,,,
4,G01,5,8_1,TBSV,rcvrd_leaf,16.6,11.24,5.36,,,
3,A12,6,3_23,TBSV,TBSV,15.985,15.575,0.41,,,
3,C09,6,4_9,TBSV,TBSV_DI73,14.31,20.68,-6.37,,,
1,E01,7,4_9,TBSV,TBSV_DI73,14.66,17.095,-2.435,,,
2,E01,7,8_1,TBSV,TBSV_DI72,16.535,16.05,0.485,,,
3,G05,7,3_23,TBSV,TBSV_DI72,14.775,16.44,-1.665,,,
3,G07,7,8_10,TBSV,TBSV_DI73,14.32,18.88,-4.56,,,
1,A07,8,8_1,TBSV,TBSV_DI73,13.42333333,17.41,-3.986666667,,,
2,A12,8,4_9,TBSV,TBSV,19.795,15.21,4.585,,,
2,C01,8,8_10,TBSV,TBSV_DI73,12.955,18.19,-5.235,,,
1,G08,9,3_23,TBSV,TBSV_DI72,14.91,14.195,0.715,,,
3,C01,9,8_1,TBSV,TBSV,19.77,14.325,5.445,,,
1,E10,10,8_1,TBSV,TBSV_DI72,15.855,17.24,-1.385,,,
2,A06,10,3_23,TBSV,TBSV,15.74,17.97,-2.23,,,
2,A07,10,8_10,TBSV,TBSV,14.765,17.665,-2.9,,,
3,A12,10,4_9,TBSV,TBSV_DI73,19.12,17,2.12,,,
1,C10,11,8_1,TBSV,TBSV_DI72,14.925,16.215,-1.29,,,
2,E01,11,3_23,TBSV,TBSV_DI72,17.42,16.62,0.8,,,
3,G07,11,4_9,TBSV,TBSV,16.91,19.4,-2.49,,,
1,A06,12,4_9,TBSV,TBSV,14.82,19.605,-4.785,,,
1,C10,12,8_10,TBSV,TBSV_DI72,13.4,13.985,-0.585,,,
2,C06,12,3_23,TBSV,TBSV,13.9425,17.6375,-3.695,,,
3,A07,12,8_1,TBSV,TBSV,15.93,18.31,-2.38,,,
1,E04,13,8_1,TBSV,TBSV_DI72,17.915,17.605,0.31,,,
3,C07,13,8_10,TBSV,TBSV,13.395,20.495,-7.1,,,
1,A10,14,8_1,TBSV,TBSV,13.38,17.835,-4.455,,,
1,G04,14,8_10,TBSV,TBSV_DI73,12.435,15.495,-3.06,,,
2,G01,14,4_9,TBSV,TBSV_DI73,13.74,17.03,-3.29,,,
1,C06,15,3_23,TBSV,TBSV,13.77,19.95,-6.18,,,
2,G04,15,8_1,TBSV,TBSV_DI73,15.305,15.175,0.13,,,
3,C12,15,4_9,TBSV,TBSV_DI73,16.705,17.125,-0.42,,,
3,E04,15,8_10,TBSV,TBSV_DI72,15.265,20.525,-5.26,,,
1,G07,16,8_1,TBSV,TBSV_DI73,15.14,17.695,-2.555,,,
2,A09,16,4_9,TBSV,TBSV,20.74,16.11,4.63,,,
2,G07,16,8_10,TBSV,TBSV_DI73,14.05,18.28,-4.23,,,
3,A06,16,3_23,TBSV,TBSV,14.27,15.44,-1.17,,,
3,H07,16,8_10,TBSV,TBSV_DI73,13.29,17.51,-4.22,,,
1,E07,17,8_10,TBSV,TBSV_DI72,13.11,15.105,-1.995,,,
2,C06,17,4_9,TBSV,TBSV,14.435,19.405,-4.97,,,
2,C10,17,8_1,TBSV,TBSV_DI72,18.24,16.97,1.27,,,
3,G08,17,3_23,TBSV,TBSV_DI72,17.275,13.995,3.28,,,
1,E04,18,4_9,TBSV,TBSV_DI73,13.34,16.805,-3.465,,,
1,C01,18,8_1,TBSV,TBSV,13.72,14.91,-1.19,,,
3,E01,18,3_23,TBSV,TBSV_DI72,16.03,13.61,2.42,,,
3,E10,18,8_10,TBSV,TBSV_DI72,21.755,18.26,3.495,,,
4,G04,18,8_1,TBSV,rcvrd_leaf,16.975,12.9,4.075,,,
2,C01,19,8_1,TBSV,TBSV,19.15,15.37,3.78,,,
2,C07,19,8_10,TBSV,TBSV,11.405,16.405,-5,,,
3,C09,19,3_23,TBSV,TBSV,14.28,18.49,-4.21,,,
3,E04,19,3_23,TBSV,TBSV_DI72,16.555,16.835,-0.28,,,
3,G01,19,4_9,TBSV,TBSV,19.395,19.98,-0.585,,,
1,C06,20,4_9,TBSV,TBSV,13.1005,17.065,-3.9645,,,
2,G01,20,8_1,TBSV,TBSV_DI73,16.33,17.775,-1.445,,,
3,C06,20,3_23,TBSV,TBSV,15.04,17.485,-2.445,,,
2,G05,21,3_23,TBSV,TBSV_DI72,15.34,19.165,-3.825,,,
2,G05,21,4_9,TBSV,TBSV_DI73,17.07,16.11,0.96,,,
3,C04,21,8_1,TBSV,TBSV,17.41,17.605,-0.195,,,
3,C10,21,8_10,TBSV,TBSV_DI72,100,18.415,81.585,,,
1,A09,22,3_23,TBSV,TBSV,13.81,14.395,-0.585,,,
1,C07,22,8_10,TBSV,TBSV,15.36,15.735,-0.375,,,
2,E01,22,4_9,TBSV,TBSV_DI73,14.765,16.28,-1.515,,,
3,E07,22,8_1,TBSV,TBSV_DI72,18.36,14.38,3.98,,,
1,G01,23,4_9,TBSV,TBSV_DI73,13.49,18.83,-5.34,,,
2,G01,23,3_23,TBSV,TBSV_DI72,13.53,15.875,-2.345,,,
2,E04,23,8_1,TBSV,TBSV_DI72,17.665,15.6,2.065,,,
3,C04,23,8_10,TBSV,TBSV,14.495,22.765,-8.27,,,
2,F04,24,3_23,TBSV,TBSV_DI72,25.72,16.125,9.595,,,
2,E04,24,3_23,TBSV,TBSV_DI72,14.25,16.67,-2.42,,,
2,C01,24,8_1,TBSV,TBSV_DI73,13.025,17.105,-4.08,,,
3,E07,24,4_9,TBSV,TBSV,17.51,17.96,-0.45,,,
3,A07,24,8_10,TBSV,TBSV,16.31,17.41,-1.1,,,
1,G01,25,3_23,TBSV,TBSV_DI72,17.005,15.22,1.785,,,
2,A06,25,4_9,TBSV,TBSV,15.81,18.19,-2.38,,,
2,G01,25,8_10,TBSV,TBSV_DI73,14.06,17.38,-3.32,,,
3,H01,25,8_10,TBSV,TBSV_DI73,13.86,18.21,-4.35,,,
1,A12,26,3_23,TBSV,TBSV,14.595,16.59,-1.995,,,
1,G05,26,4_9,TBSV,TBSV_DI73,14.735,14.26,0.475,,,
1,C04,26,8_1,TBSV,TBSV,12.425,18.53,-6.105,,,
2,A10,26,8_10,TBSV,TBSV,18.195,15.22,2.975,,,
1,G05,27,3_23,TBSV,TBSV_DI72,14.385,15.115,-0.73,,,
1,C09,27,4_9,TBSV,TBSV,14.42,16.69,-2.27,,,
1,E10,27,8_10,TBSV,TBSV_DI72,21.61,10.54,11.07,,,
3,E01,27,8_1,TBSV,TBSV_DI73,17.87,17.25,0.62,,,
1,E01,28,3_23,TBSV,TBSV_DI72,15.775,22.265,-6.49,,,
3,G04,28,4_9,TBSV,TBSV,18.09,13.52,4.57,,,
2,C09,29,4_9,TBSV,TBSV,14.69,15.52,-0.83,,,
3,G04,29,8_1,TBSV,TBSV_DI73,14.93,17.19,-2.26,,,
3,G04,29,8_10,TBSV,TBSV_DI73,14.07,18.62,-4.55,,,
1,A06,30,3_23,TBSV,TBSV,21.2,12.16,9.04,,,
1,G01,30,8_1,TBSV,TBSV_DI73,13.80333333,17.15,-3.346666667,,,
1,G10,30,8_10,TBSV,neg_plt,31.585,11.31,20.275,,,
2,E04,30,4_9,TBSV,TBSV_DI73,13.725,15.215,-1.49,,,
4,E04,30,8_1,TBSV,rcvrd_leaf,16.995,14.115,2.88,,,
1,C09,31,3_23,TBSV,TBSV,13.48,20.815,-7.335,,,
1,G08,31,4_9,TBSV,TBSV_DI73,13.32,18.935,-5.615,,,
2,E10,31,8_10,TBSV,TBSV_DI72,21.59,11.7,9.89,,,
3,C07,31,8_1,TBSV,TBSV,15.07,19.71,-4.64,,,
1,F04,32,3_23,TBSV,TBSV_DI72,26.58,19.66,6.92,,,
1,E04,32,3_23,TBSV,TBSV_DI72,14.555,20.81,-6.255,,,
2,A07,32,8_1,TBSV,TBSV,14.285,16.56,-2.275,,,
3,A05,32,4_9,TBSV,TBSV_DI73,17.02,17.34,-0.32,,,
3,C01,32,8_10,TBSV,TBSV,13.87,22.94,-9.07,,,
1,A09,33,4_9,TBSV,TBSV,16.48,13.615,2.865,,,
2,G08,33,3_23,TBSV,TBSV_DI72,15.23,15.095,0.135,,,
3,E01,33,8_1,TBSV,TBSV_DI72,18.685,15.9,2.785,,,
3,C07,33,8_10,TBSV,TBSV_DI73,13.44,29.31,-15.87,,,
2,C04,34,8_1,TBSV,TBSV_DI73,13.485,18.055,-4.57,,,
3,G01,34,8_10,TBSV,TBSV_DI73,17.09,22.93,-5.84,,,
1,A01,35,8_1,TBSV,TBSV_DI73,17.38,11.705,5.675,,,
3,E07,35,8_10,TBSV,TBSV_DI72,24.915,17.44,7.475,,,
4,E10,35,8_1,TBSV,rcvrd_leaf,16.7,13.905,2.795,,,
2,C04,36,8_1,TBSV,TBSV,14.905,17.485,-2.58,,,
3,E01,36,8_10,TBSV,TBSV_DI72,100,17,83,,,
2,G07,37,8_1,TBSV,TBSV_DI73,14.565,16.285,-1.72,,,
2,G10,37,8_10,TBSV,neg_plt,100,12.82,87.18,,,
3,H10,37,8_10,TBSV,neg_plt,100,12.74,87.26,,,
1,A07,38,8_10,TBSV,TBSV_DI73,12.775,19.97,-7.195,,,
2,E07,38,8_1,TBSV,TBSV_DI72,14.7,14.65,0.05,,,
4,E07,38,8_1,TBSV,rcvrd_leaf,16.71,12.68,4.03,,,
1,E07,39,8_1,TBSV,TBSV_DI72,14.39,12.49,1.9,,,
2,E01,39,8_10,TBSV,TBSV_DI72,14.315,19.65,-5.335,,,
2,G04,40,8_10,TBSV,TBSV_DI73,14.44,19.26,-4.82,,,
3,A10,40,8_1,TBSV,TBSV,19.515,14.14,5.375,,,
3,H04,40,8_10,TBSV,TBSV_DI73,14.53,18.1,-3.57,,,
1,G01,41,8_10,TBSV,TBSV_DI73,13.27,14.855,-1.585,,,
2,E10,41,8_1,TBSV,TBSV_DI72,16.865,16.635,0.23,,,
2,C04,42,8_10,TBSV,TBSV,13.905,18.85,-4.945,,,
3,E04,42,8_1,TBSV,TBSV_DI72,17.595,17.65,-0.055,,,
1,C07,43,8_1,TBSV,TBSV,12.595,16.81,-4.215,,,
1,C01,43,8_10,TBSV,TBSV,12.555,14.8,-2.245,,,
2,E07,44,8_10,TBSV,TBSV_DI72,14.61,18.07,-3.46,,,
3,E10,45,8_1,TBSV,TBSV_DI72,16.91,15.355,1.555,,,
2,A10,46,8_1,TBSV,TBSV,12.96,15.865,-2.905,,,
3,A10,46,8_10,TBSV,TBSV,13.075,18.095,-5.02,,,
1,E01,47,8_10,TBSV,TBSV_DI72,17.075,14.365,2.71,,,
2,C07,48,8_1,TBSV,TBSV,15.965,18.54,-2.575,,,
2,C04,48,8_10,TBSV,TBSV_DI73,13.47,15.965,-2.495,,,
2,E04,49,8_10,TBSV,TBSV_DI72,15.29,18.34,-3.05,,,
3,E04,49,8_1,TBSV,TBSV_DI73,13.1005,15.31,-2.2095,,,
1,C04,50,8_10,TBSV,TBSV,15.94,10.475,5.465,,,
3,G01,50,8_1,TBSV,TBSV_DI73,17.385,17.415,-0.03,,,
1,A07,51,8_1,TBSV,TBSV,14.11,15.935,-1.825,,,
1,A10,51,8_10,TBSV,TBSV,12.725,11.805,0.92,,,
2,C10,52,8_10,TBSV,TBSV_DI72,14.68,16.25,-1.57,,,
2,C01,53,8_10,TBSV,TBSV,14.185,18.26,-4.075,,,
1,E04,54,8_10,TBSV,TBSV_DI72,13.095,15.53,-2.435,,,
1,A05,na,3_23,DI72,neg_ctrl,28.54,12.055,16.485,,,
1,A04,na,3_23,TBSV,neg_ctrl,41.69,33.62,8.07,,,
1,A02,na,3_23,DI72,pos_ctrl,27.71333333,23.70333333,4.01,,,
1,A03,na,3_23,DI73,pos_ctrl,30.94333333,22.94666667,7.996666667,,,
1,A01,na,3_23,TBSV,pos_ctrl,34.30333333,24.71666667,9.586666667,,,
1,A05,na,4_9,DI73,neg_ctrl,30.1005,12.755,17.3455,,,
1,A04,na,4_9,TBSV,neg_ctrl,1.625,0.63,0.995,,,
1,A02,na,4_9,DI72,pos_ctrl,29.005,22.205,6.8,,,
1,A03,na,4_9,DI73,pos_ctrl,12.92,12.92,0,,,
1,A01,na,4_9,TBSV,pos_ctrl,34.19666667,23.66666667,10.53,,,
1,A05,na,8_1,DI72,neg_ctrl,37.155,100,-62.845,,,
1,A06,na,8_1,DI73,neg_ctrl,100,100,0,,,
1,A04,na,8_1,TBSV,neg_ctrl,100,27.04,72.96,,,
1,G11,na,8_1,DI72,neg_plt,31.12,31.12,0,,,
1,G12,na,8_1,DI73,neg_plt,100,15.04,84.96,,,
1,G10,na,8_1,TBSV,neg_plt,32.94,32.94,0,,,
1,A02,na,8_1,DI72,pos_ctrl,12.83,34.33,-21.5,,,
1,A03,na,8_1,DI73,pos_ctrl,12.99,29.1,-16.11,,,
1,A01,na,8_1,TBSV,pos_ctrl,9.485,26.56,-17.075,,,
1,A05,na,8_10,DI72,neg_ctrl,37.67,100,-62.33,,,
1,A06,na,8_10,DI73,neg_ctrl,100,30.105,69.895,,,
1,A02,na,8_10,DI72,pos_ctrl,14.705,41.565,-26.86,,,
1,A03,na,8_10,DI73,pos_ctrl,12.79,27.23,-14.44,,,
1,A01,na,8_10,TBSV,pos_ctrl,10.99,24.115,-13.125,,,
2,A05,na,3_23,DI72,neg_ctrl,32.92,12.27666667,20.64333333,,,
2,A04,na,3_23,TBSV,neg_ctrl,41.49,38.51,2.98,,,
2,A02,na,3_23,DI72,pos_ctrl,27.39666667,20.68666667,6.71,,,
2,A03,na,3_23,DI73,pos_ctrl,31.55333333,22.51666667,9.036666667,,,
2,A01,na,3_23,TBSV,pos_ctrl,34.30666667,25.78333333,8.523333333,,,
2,A05,na,4_9,DI73,neg_ctrl,33.55333333,11.69333333,21.86,,,
2,A04,na,4_9,TBSV,neg_ctrl,41.59666667,27.26666667,14.33,,,
2,A02,na,4_9,DI72,pos_ctrl,34.34666667,20.57666667,13.77,,,
2,A03,na,4_9,DI73,pos_ctrl,34.34666667,20.34666667,14,,,
2,A01,na,4_9,TBSV,pos_ctrl,34.25333333,23.99666667,10.25666667,,,
2,A05,na,8_1,DI72,neg_ctrl,36.13,100,-63.87,,,
2,A04,na,8_1,TBSV,neg_ctrl,31.075,25.88,5.195,,,
2,G11,na,8_1,DI72,neg_plt,42.005,10.1,31.905,,,
2,G12,na,8_1,DI73,neg_plt,100,11.3,88.7,,,
2,G10,na,8_1,TBSV,neg_plt,31.23,11.035,20.195,,,
2,A02,na,8_1,DI72,pos_ctrl,10.495,23.275,-12.78,,,
2,A03,na,8_1,DI73,pos_ctrl,12.665,29.71,-17.045,,,
2,A01,na,8_1,TBSV,pos_ctrl,9.19,22.595,-13.405,,,
2,A05,na,8_10,DI72,neg_ctrl,40.34,100,-59.66,,,
2,A06,na,8_10,DI73,neg_ctrl,100,36.2925,63.7075,,,
2,A04,na,8_10,TBSV,neg_ctrl,100,26.5975,73.4025,,,
2,A02,na,8_10,DI72,pos_ctrl,11.05,42.65666667,-31.60666667,,,
2,A03,na,8_10,DI73,pos_ctrl,12.46,22.96,-10.5,,,
2,A01,na,8_10,TBSV,pos_ctrl,11.48333333,34.32,-22.83666667,,,
3,A05,na,3_23,DI72,neg_ctrl,33.24,13.48666667,19.75333333,,,
3,A04,na,3_23,TBSV,neg_ctrl,100,38.54,61.46,,,
3,A02,na,3_23,DI72,pos_ctrl,31.07333333,23.30666667,7.766666667,,,
3,A03,na,3_23,DI73,pos_ctrl,31.63,23.08333333,8.546666667,,,
3,A01,na,3_23,TBSV,pos_ctrl,34.09,24.58666667,9.503333333,,,
3,F08,na,4_9,DI73,neg_ctrl,36.25333333,15.30666667,20.94666667,,,
3,F09,na,4_9,TBSV,neg_ctrl,42.94333333,39.03,3.913333333,,,
3,A05,na,8_1,DI72,neg_ctrl,100,100,0,,,
3,A06,na,8_1,DI73,neg_ctrl,100,30.3,69.7,,,
3,A04,na,8_1,TBSV,neg_ctrl,100,25.915,74.085,,,
3,G11,na,8_1,DI72,neg_plt,30.165,13.14,17.025,,,
3,G12,na,8_1,DI73,neg_plt,100,11.775,88.225,,,
3,G10,na,8_1,TBSV,neg_plt,32.68,10.64,22.04,,,
3,A02,na,8_1,DI72,pos_ctrl,10.21,30.91,-20.7,,,
3,A03,na,8_1,DI73,pos_ctrl,12.605,19.605,-7,,,
3,A01,na,8_1,TBSV,pos_ctrl,9.38,21.92,-12.54,,,
3,A05,na,8_10,DI72,neg_ctrl,36.14,100,-63.86,,,
3,A06,na,8_10,DI73,neg_ctrl,100,34.26,65.74,,,
3,A04,na,8_10,TBSV,neg_ctrl,100,30.58,69.42,,,
3,A02,na,8_10,DI72,pos_ctrl,10.735,100,-89.265,,,
3,A03,na,8_10,DI73,pos_ctrl,12.055,23.95,-11.895,,,
3,A01,na,8_10,TBSV,pos_ctrl,9.505,33.275,-23.77,,,
